"2024-06-11T09:53:20","2024-06-11T09:53:24","data/camera_data/Marion/ADL/Dataset MB11_06 IRADL/1","1"
"2024-06-11T09:55:46","2024-06-11T09:55:53","data/camera_data/Marion/ADL/Dataset MB11_06 IRADL/2","2"
"2024-06-11T09:57:10","2024-06-11T09:57:13","data/camera_data/Marion/ADL/Dataset MB11_06 IRADL/3","3"
"2024-06-11T09:59:58","2024-06-11T10:00:00","data/camera_data/Marion/ADL/Dataset MB11_06 IRADL/4","4"
"2024-06-11T10:01:05","2024-06-11T10:01:04","data/camera_data/Marion/ADL/Dataset MB11_06 IRADL/5","5"
"2024-06-11T10:04:48","2024-06-11T10:04:45","data/camera_data/Marion/ADL/Dataset MB11_06 IRADL/7","7"
"2024-06-11T10:06:08","2024-06-11T10:06:18","data/camera_data/Marion/ADL/Dataset MB11_06 IRADL/8","8"
"2024-06-11T10:07:26","2024-06-11T10:07:27","data/camera_data/Marion/ADL/Dataset MB11_06 IRADL/9","9"
"2024-06-11T10:08:46","2024-06-11T10:08:56","data/camera_data/Marion/ADL/Dataset MB11_06 IRADL/10","10"
"2024-06-11T10:09:57","2024-06-11T10:10:09","data/camera_data/Marion/ADL/Dataset MB11_06 IRADL/11","11"
"2024-06-11T10:11:27","2024-06-11T10:11:27","data/camera_data/Marion/ADL/Dataset MB11_06 IRADL/12","12"
"2024-06-11T10:13:10","2024-06-11T10:13:08","data/camera_data/Marion/ADL/Dataset MB11_06 IRADL/13","13"
"2024-06-11T10:15:05","2024-06-11T10:15:12","data/camera_data/Marion/ADL/Dataset MB11_06 IRADL/14","14"
"2024-06-11T10:16:46","2024-06-11T10:16:49","data/camera_data/Marion/ADL/Dataset MB11_06 IRADL/15","15"
"2024-06-11T10:21:17","2024-06-11T10:21:25","data/camera_data/Marion/ADL/Dataset MB11_06 IRADL/17","17"
"2024-06-11T10:25:34","2024-06-11T10:25:39","data/camera_data/Marion/ADL/Dataset MB11_06 IRADL/18","18"
"2024-06-11T10:30:29","2024-06-11T10:30:26","data/camera_data/Marion/ADL/Dataset MB11_06 IRADL/19","19"
"2024-06-11T10:31:47","2024-06-11T10:31:54","data/camera_data/Marion/ADL/Dataset MB11_06 IRADL/20","20"
"2024-06-11T10:32:58","2024-06-11T10:32:58","data/camera_data/Marion/ADL/Dataset MB11_06 IRADL/21","21"
"2024-06-11T10:35:47","2024-06-11T10:35:37","data/camera_data/Marion/ADL/Dataset MB11_06 IRADL/22","22"
"2024-06-11T10:36:55","2024-06-11T10:37:01","data/camera_data/Marion/ADL/Dataset MB11_06 IRADL/23","23"
"2024-06-11T10:38:39","2024-06-11T10:38:33","data/camera_data/Marion/ADL/Dataset MB11_06 IRADL/24","24"
"2024-06-11T10:41:27","2024-06-11T10:41:41","data/camera_data/Marion/ADL/Dataset MB11_06 IRADL/25","25"
"2024-06-11T10:42:52","2024-06-11T10:42:55","data/camera_data/Marion/ADL/Dataset MB11_06 IRADL/26","26"
"2024-06-11T10:44:16","2024-06-11T10:44:14","data/camera_data/Marion/ADL/Dataset MB11_06 IRADL/27","27"
"2024-06-11T10:45:31","2024-06-11T10:45:29","data/camera_data/Marion/ADL/Dataset MB11_06 IRADL/28","28"
"2024-06-11T10:47:31","2024-06-11T10:47:24","data/camera_data/Marion/ADL/Dataset MB11_06 IRADL/29","29"
"2024-06-11T10:48:30","2024-06-11T10:48:28","data/camera_data/Marion/ADL/Dataset MB11_06 IRADL/30","30"
"2024-06-11T10:56:56","2024-06-11T10:56:51","data/camera_data/Marion/ADL/Dataset MB11_06 IRADL/31","31"
"2024-06-11T10:58:27","2024-06-11T10:58:31","data/camera_data/Marion/ADL/Dataset MB11_06 IRADL/32","32"
"2024-06-11T10:59:19","2024-06-11T10:59:23","data/camera_data/Marion/ADL/Dataset MB11_06 IRADL/33","33"
"2024-06-11T11:02:38","2024-06-11T11:02:45","data/camera_data/Marion/ADL/Dataset MB11_06 IRADL/34","34"
"2024-06-11T11:03:43","2024-06-11T11:03:50","data/camera_data/Marion/ADL/Dataset MB11_06 IRADL/35","35"
"2024-06-11T11:04:54","2024-06-11T11:04:50","data/camera_data/Marion/ADL/Dataset MB11_06 IRADL/36","36"
"2024-06-11T11:06:09","2024-06-11T11:06:03","data/camera_data/Marion/ADL/Dataset MB11_06 IRADL/37","37"
"2024-06-11T11:07:03","2024-06-11T11:07:02","data/camera_data/Marion/ADL/Dataset MB11_06 IRADL/38","38"
"2024-06-11T11:08:54","2024-06-11T11:08:52","data/camera_data/Marion/ADL/Dataset MB11_06 IRADL/39","39"
"2024-06-11T11:11:03","2024-06-11T11:11:00","data/camera_data/Marion/ADL/Dataset MB11_06 IRADL/40","40"
"2024-06-11T11:11:58","2024-06-11T11:12:03","data/camera_data/Marion/ADL/Dataset MB11_06 IRADL/41","41"
"2024-06-11T11:14:44","2024-06-11T11:14:35","data/camera_data/Marion/ADL/Dataset MB11_06 IRADL/42","42"
"2024-06-11T11:17:18","2024-06-11T11:17:26","data/camera_data/Marion/ADL/Dataset MB11_06 IRADL/43","43"
"2024-06-11T11:27:01","2024-06-11T11:26:55","data/camera_data/Marion/ADL/Dataset MB11_06 IRADL/44","44"
"2024-06-11T11:27:59","2024-06-11T11:28:04","data/camera_data/Marion/ADL/Dataset MB11_06 IRADL/45","45"
"2024-06-11T11:29:00","2024-06-11T11:28:56","data/camera_data/Marion/ADL/Dataset MB11_06 IRADL/46","46"
"2024-06-11T11:30:05","2024-06-11T11:30:03","data/camera_data/Marion/ADL/Dataset MB11_06 IRADL/47","47"
"2024-06-11T11:33:00","2024-06-11T11:33:01","data/camera_data/Marion/ADL/Dataset MB11_06 IRADL/48","48"
"2024-06-11T11:35:06","2024-06-11T11:35:08","data/camera_data/Marion/ADL/Dataset MB11_06 IRADL/49","49"
"2024-06-11T11:36:13","2024-06-11T11:36:21","data/camera_data/Marion/ADL/Dataset MB11_06 IRADL/50","50"
"2024-06-11T11:37:23","2024-06-11T11:37:30","data/camera_data/Marion/ADL/Dataset MB11_06 IRADL/51","51"
"2024-06-11T11:39:40","2024-06-11T11:39:37","data/camera_data/Marion/ADL/Dataset MB11_06 IRADL/52","52"
"2024-06-11T11:40:50","2024-06-11T11:40:54","data/camera_data/Marion/ADL/Dataset MB11_06 IRADL/53","53"
"2024-06-11T11:42:18","2024-06-11T11:42:22","data/camera_data/Marion/ADL/Dataset MB11_06 IRADL/54","54"
"2024-06-11T11:43:35","2024-06-11T11:43:41","data/camera_data/Marion/ADL/Dataset MB11_06 IRADL/55","55"
"2024-06-11T11:45:32","2024-06-11T11:45:23","data/camera_data/Marion/ADL/Dataset MB11_06 IRADL/56","56"
"2024-06-11T11:46:48","2024-06-11T11:46:48","data/camera_data/Marion/ADL/Dataset MB11_06 IRADL/57","57"
"2024-06-11T11:47:50","2024-06-11T11:47:51","data/camera_data/Marion/ADL/Dataset MB11_06 IRADL/58","58"
"2024-06-11T11:49:52","2024-06-11T11:49:50","data/camera_data/Marion/ADL/Dataset MB11_06 IRADL/60","60"
"2024-06-11T11:50:45","2024-06-11T11:50:45","data/camera_data/Marion/ADL/Dataset MB11_06 IRADL/61","61"
"2024-06-11T11:51:54","2024-06-11T11:51:50","data/camera_data/Marion/ADL/Dataset MB11_06 IRADL/62","62"
"2024-06-11T11:54:33","2024-06-11T11:54:34","data/camera_data/Marion/ADL/Dataset MB11_06 IRADL/63","63"
"2024-06-12T10:37:23","2024-06-12T10:37:19","data/camera_data/Marion/ADL/Dataset MB11_06 IRADL/64","64"
"2024-06-12T10:39:21","2024-06-12T10:39:38","data/camera_data/Marion/ADL/Dataset MB11_06 IRADL/65","65"
"2024-06-12T10:43:14","2024-06-12T10:43:15","data/camera_data/Marion/ADL/Dataset MB11_06 IRADL/66","66"
"2024-06-12T10:44:38","2024-06-12T10:44:39","data/camera_data/Marion/ADL/Dataset MB11_06 IRADL/67","67"
"2024-06-12T10:45:40","2024-06-12T10:45:42","data/camera_data/Marion/ADL/Dataset MB11_06 IRADL/68","68"
"2024-06-12T10:48:38","2024-06-12T10:48:44","data/camera_data/Marion/ADL/Dataset MB11_06 IRADL/82","82"
"2024-06-12T10:50:32","2024-06-12T10:50:42","data/camera_data/Marion/ADL/Dataset MB11_06 IRADL/83","83"
"2024-06-12T10:51:58","2024-06-12T10:52:05","data/camera_data/Marion/ADL/Dataset MB11_06 IRADL/84","84"
"2024-06-12T10:53:29","2024-06-12T10:53:53","data/camera_data/Marion/ADL/Dataset MB11_06 IRADL/85","85"
"2024-06-12T10:54:57","2024-06-12T10:54:52","data/camera_data/Marion/ADL/Dataset MB11_06 IRADL/86","86"
"2024-06-12T10:55:56","2024-06-12T10:55:59","data/camera_data/Marion/ADL/Dataset MB11_06 IRADL/87","87"
"2024-06-12T10:59:38","2024-06-12T10:59:32","data/camera_data/Marion/ADL/Dataset MB11_06 IRADL/88","88"
"2024-06-12T11:01:17","2024-06-12T11:01:24","data/camera_data/Marion/ADL/Dataset MB11_06 IRADL/89","89"
"2024-06-12T11:02:44","2024-06-12T11:02:45","data/camera_data/Marion/ADL/Dataset MB11_06 IRADL/90","90"
"2024-06-12T11:04:55","2024-06-12T11:04:51","data/camera_data/Marion/ADL/Dataset MB11_06 IRADL/91","91"
"2024-06-12T11:09:27","2024-06-12T11:12:09","data/camera_data/Marion/ADL/Dataset MB11_06 IRADL/92","92"
"2024-06-12T13:21:38","2024-06-12T13:21:38","data/camera_data/Marion/ADL/Dataset MB11_06 IRADL/6","6"
"2024-06-12T13:22:59","2024-06-12T13:22:46","data/camera_data/Marion/ADL/Dataset MB11_06 IRADL/16","16"
"2024-06-12T13:43:09","2024-06-12T13:43:08","data/camera_data/Marion/Falls/Dataset MB11_06 IRF/1IRF","1IRF"
"2024-06-12T13:44:52","2024-06-12T13:44:43","data/camera_data/Marion/Falls/Dataset MB11_06 IRF/2IRF","2IRF"
"2024-06-12T13:45:53","2024-06-12T13:45:50","data/camera_data/Marion/Falls/Dataset MB11_06 IRF/3IRF","3IRF"
"2024-06-12T13:46:49","2024-06-12T13:46:54","data/camera_data/Marion/Falls/Dataset MB11_06 IRF/4IRF","4IRF"
"2024-06-12T13:47:40","2024-06-12T13:47:46","data/camera_data/Marion/Falls/Dataset MB11_06 IRF/5IRF","5IRF"
"2024-06-12T13:48:41","2024-06-12T13:48:38","data/camera_data/Marion/Falls/Dataset MB11_06 IRF/6IRF","6IRF"
"2024-06-12T13:49:25","2024-06-12T13:49:26","data/camera_data/Marion/Falls/Dataset MB11_06 IRF/7IRF","7IRF"
"2024-06-12T13:50:15","2024-06-12T13:50:14","data/camera_data/Marion/Falls/Dataset MB11_06 IRF/8IRF","8IRF"
"2024-06-12T13:51:28","2024-06-12T13:51:25","data/camera_data/Marion/Falls/Dataset MB11_06 IRF/9IRF","9IRF"
"2024-06-12T13:52:15","2024-06-12T13:52:14","data/camera_data/Marion/Falls/Dataset MB11_06 IRF/10IRF","10IRF"
"2024-06-12T13:55:59","2024-06-12T13:56:02","data/camera_data/Marion/Falls/Dataset MB11_06 IRF/11IRF","11IRF"
"2024-06-12T13:56:44","2024-06-12T13:56:49","data/camera_data/Marion/Falls/Dataset MB11_06 IRF/12IRF","12IRF"
"2024-06-12T14:11:12","2024-06-12T14:11:16","data/camera_data/Marion/Falls/Dataset MB11_06 IRF/13IRF","13IRF"
"2024-06-12T14:12:04","2024-06-12T14:12:02","data/camera_data/Marion/Falls/Dataset MB11_06 IRF/14IRF","14IRF"
"2024-06-12T14:14:30","2024-06-12T14:14:32","data/camera_data/Marion/Falls/Dataset MB11_06 IRF/15IRF","15IRF"
"2024-06-12T14:15:28","2024-06-12T14:15:26","data/camera_data/Marion/Falls/Dataset MB11_06 IRF/16IRF","16IRF"
"2024-06-12T14:16:05","2024-06-12T14:16:16","data/camera_data/Marion/Falls/Dataset MB11_06 IRF/17IRF","17IRF"
"2024-06-12T14:16:53","2024-06-12T14:16:54","data/camera_data/Marion/Falls/Dataset MB11_06 IRF/18IRF","18IRF"
"2024-06-12T14:17:42","2024-06-12T14:17:38","data/camera_data/Marion/Falls/Dataset MB11_06 IRF/19IRF","19IRF"
"2024-06-12T14:18:30","2024-06-12T14:18:40","data/camera_data/Marion/Falls/Dataset MB11_06 IRF/20IRF","20IRF"
"2024-06-12T14:19:15","2024-06-12T14:19:21","data/camera_data/Marion/Falls/Dataset MB11_06 IRF/21IRF","21IRF"
"2024-06-12T14:20:10","2024-06-12T14:20:11","data/camera_data/Marion/Falls/Dataset MB11_06 IRF/22IRF","22IRF"
"2024-06-12T14:20:55","2024-06-12T14:20:59","data/camera_data/Marion/Falls/Dataset MB11_06 IRF/23IRF","23IRF"
"2024-06-12T14:21:44","2024-06-12T14:21:44","data/camera_data/Marion/Falls/Dataset MB11_06 IRF/24IRF","24IRF"
"2024-06-12T14:22:38","2024-06-12T14:22:44","data/camera_data/Marion/Falls/Dataset MB11_06 IRF/25IRF","25IRF"
"2024-06-12T14:23:31","2024-06-12T14:23:39","data/camera_data/Marion/Falls/Dataset MB11_06 IRF/26IRF","26IRF"
"2024-06-12T14:24:37","2024-06-12T14:24:36","data/camera_data/Marion/Falls/Dataset MB11_06 IRF/27IRF","27IRF"
"2024-06-12T14:25:37","2024-06-12T14:25:27","data/camera_data/Marion/Falls/Dataset MB11_06 IRF/28IRF","28IRF"
"2024-06-12T14:26:28","2024-06-12T14:26:30","data/camera_data/Marion/Falls/Dataset MB11_06 IRF/29IRF","29IRF"
"2024-06-12T14:27:28","2024-06-12T14:27:25","data/camera_data/Marion/Falls/Dataset MB11_06 IRF/30IRF","30IRF"
"2024-06-12T14:28:17","2024-06-12T14:28:11","data/camera_data/Marion/Falls/Dataset MB11_06 IRF/31IRF","31IRF"
"2024-06-12T14:29:19","2024-06-12T14:29:17","data/camera_data/Marion/Falls/Dataset MB11_06 IRF/32IRF","32IRF"
"2024-06-12T14:30:11","2024-06-12T14:30:15","data/camera_data/Marion/Falls/Dataset MB11_06 IRF/33IRF","33IRF"
"2024-06-12T14:31:48","2024-06-12T14:31:48","data/camera_data/Marion/Falls/Dataset MB11_06 IRF/34IRF","34IRF"
"2024-06-12T14:34:28","2024-06-12T14:34:24","data/camera_data/Marion/Falls/Dataset MB11_06 IRF/35IRF","35IRF"
"2024-06-12T14:35:49","2024-06-12T14:35:46","data/camera_data/Marion/Falls/Dataset MB11_06 IRF/36IRF","36IRF"
"2024-07-09T10:23:10","2024-07-09T10:23:11","data/camera_data/Pablo/Falls IR/PDRIRF01","PDRIRF01"
"2024-07-09T10:29:05","2024-07-09T10:29:04","data/camera_data/Pablo/Falls IR/PDRIRF12","PDRIRF12"
"2024-07-09T10:31:53","2024-07-09T10:36:41","data/camera_data/Pablo/Falls IR/PDRIRF31","PDRIRF31"
"2024-07-09T10:35:52","2024-07-09T10:30:48","data/camera_data/Pablo/Falls IR/PDRIRF23","PDRIRF23"
"2024-07-09T10:37:36","2024-07-09T10:37:41","data/camera_data/Pablo/Falls IR/PDRIRF32","PDRIRF32"
"2024-07-09T10:38:35","2024-07-09T10:38:28","data/camera_data/Pablo/Falls IR/PDRIRF33","PDRIRF33"
"2024-07-09T10:39:36","2024-07-09T10:39:35","data/camera_data/Pablo/Falls IR/PDRIRF34","PDRIRF34"
"2024-07-09T10:40:29","2024-07-09T10:40:31","data/camera_data/Pablo/Falls IR/PDRIRF35","PDRIRF35"
"2024-07-09T10:42:07","2024-07-09T10:42:03","data/camera_data/Pablo/Falls IR/PDRIRF36","PDRIRF36"
"2024-07-09T10:43:54","2024-07-09T10:43:52","data/camera_data/Pablo/Falls IR/PDRIRF02","PDRIRF02"
"2024-07-09T10:45:01","2024-07-09T10:45:02","data/camera_data/Pablo/Falls IR/PDRIRF03","PDRIRF03"
"2024-07-09T10:45:59","2024-07-09T10:46:00","data/camera_data/Pablo/Falls IR/PDRIRF04","PDRIRF04"
"2024-07-09T10:46:51","2024-07-09T10:46:51","data/camera_data/Pablo/Falls IR/PDRIRF05","PDRIRF05"
"2024-07-09T10:47:50","2024-07-09T10:47:48","data/camera_data/Pablo/Falls IR/PDRIRF06","PDRIRF06"
"2024-07-09T10:48:46","2024-07-09T10:48:49","data/camera_data/Pablo/Falls IR/PDRIRF07","PDRIRF07"
"2024-07-09T10:49:51","2024-07-09T10:49:49","data/camera_data/Pablo/Falls IR/PDRIRF08","PDRIRF08"
"2024-07-09T10:50:55","2024-07-09T10:50:50","data/camera_data/Pablo/Falls IR/PDRIRF09","PDRIRF09"
"2024-07-09T10:51:55","2024-07-09T10:51:52","data/camera_data/Pablo/Falls IR/PDRIRF10","PDRIRF10"
"2024-07-09T10:53:13","2024-07-09T10:53:14","data/camera_data/Pablo/Falls IR/PDRIRF15","PDRIRF15"
"2024-07-09T10:54:08","2024-07-09T10:54:06","data/camera_data/Pablo/Falls IR/PDRIRF16","PDRIRF16"
"2024-07-09T10:54:53","2024-07-09T10:54:57","data/camera_data/Pablo/Falls IR/PDRIRF17","PDRIRF17"
"2024-07-09T11:05:37","2024-07-09T11:05:37","data/camera_data/Pablo/Falls IR/PDRIRF11","PDRIRF11"
"2024-07-09T11:06:22","2024-07-09T11:06:21","data/camera_data/Pablo/Falls IR/PDRIRF13","PDRIRF13"
"2024-07-09T11:07:10","2024-07-09T11:07:07","data/camera_data/Pablo/Falls IR/PDRIRF14","PDRIRF14"
"2024-07-09T11:08:08","2024-07-09T11:08:02","data/camera_data/Pablo/Falls IR/PDRIRF18","PDRIRF18"
"2024-07-09T11:09:01","2024-07-09T11:09:03","data/camera_data/Pablo/Falls IR/PDRIRF19","PDRIRF19"
"2024-07-09T11:09:51","2024-07-09T11:09:47","data/camera_data/Pablo/Falls IR/PDRIRF20","PDRIRF20"
"2024-07-09T11:10:37","2024-07-09T11:10:38","data/camera_data/Pablo/Falls IR/PDRIRF21","PDRIRF21"
"2024-07-09T11:11:33","2024-07-09T11:11:34","data/camera_data/Pablo/Falls IR/PDRIRF22","PDRIRF22"
"2024-07-09T11:12:25","2024-07-09T11:12:22","data/camera_data/Pablo/Falls IR/PDRIRF24","PDRIRF24"
"2024-07-09T11:13:15","2024-07-09T11:13:14","data/camera_data/Pablo/Falls IR/PDRIRF25","PDRIRF25"
"2024-07-09T11:14:05","2024-07-09T11:14:06","data/camera_data/Pablo/Falls IR/PDRIRF26","PDRIRF26"
"2024-07-09T11:15:27","2024-07-09T11:15:23","data/camera_data/Pablo/Falls IR/PDRIRF27","PDRIRF27"
"2024-07-09T11:16:22","2024-07-09T11:16:23","data/camera_data/Pablo/Falls IR/PDRIRF28","PDRIRF28"
"2024-07-09T11:17:02","2024-07-09T11:17:05","data/camera_data/Pablo/Falls IR/PDRIRF29","PDRIRF29"
"2024-07-09T11:17:54","2024-07-09T11:18:03","data/camera_data/Pablo/Falls IR/PDRIRF30","PDRIRF30"
"2024-07-09T11:20:10","2024-07-09T11:20:09","data/camera_data/Pablo/ADL IR/PDRIRADL01","PDRIRADL01"
"2024-07-09T11:22:04","2024-07-09T11:22:02","data/camera_data/Pablo/ADL IR/PDRIRADL02","PDRIRADL02"
"2024-07-09T11:26:05","2024-07-09T11:26:14","data/camera_data/Pablo/ADL IR/PDRIRADL03","PDRIRADL03"
"2024-07-09T11:27:39","2024-07-09T11:27:44","data/camera_data/Pablo/ADL IR/PDRIRADL04","PDRIRADL04"
"2024-07-09T11:28:42","2024-07-09T11:28:40","data/camera_data/Pablo/ADL IR/PDRIRADL05","PDRIRADL05"
"2024-07-09T11:30:00","2024-07-09T11:29:58","data/camera_data/Pablo/ADL IR/PDRIRADL06","PDRIRADL06"
"2024-07-09T11:31:07","2024-07-09T11:31:05","data/camera_data/Pablo/ADL IR/PDRIRADL07","PDRIRADL07"
"2024-07-09T11:38:11","2024-07-09T11:38:16","data/camera_data/Pablo/ADL IR/PDRIRADL08","PDRIRADL08"
"2024-07-09T11:39:40","2024-07-09T11:39:42","data/camera_data/Pablo/ADL IR/PDRIRADL09","PDRIRADL09"
"2024-07-09T11:41:12","2024-07-09T11:41:15","data/camera_data/Pablo/ADL IR/PDRIRADL10","PDRIRADL10"
"2024-07-09T11:41:59","2024-07-09T11:42:07","data/camera_data/Pablo/ADL IR/PDRIRADL11","PDRIRADL11"
"2024-07-09T11:43:45","2024-07-09T11:43:49","data/camera_data/Pablo/ADL IR/PDRIRADL12","PDRIRADL12"
"2024-07-09T11:44:39","2024-07-09T11:44:44","data/camera_data/Pablo/ADL IR/PDRIRADL13","PDRIRADL13"
"2024-07-09T11:48:25","2024-07-09T11:48:22","data/camera_data/Pablo/ADL IR/PDRIRADL14","PDRIRADL14"
"2024-07-09T11:49:20","2024-07-09T11:49:18","data/camera_data/Pablo/ADL IR/PDRIRADL15","PDRIRADL15"
"2024-07-09T11:50:02","2024-07-09T11:50:04","data/camera_data/Pablo/ADL IR/PDRIRADL16","PDRIRADL16"
"2024-07-09T11:51:07","2024-07-09T11:51:11","data/camera_data/Pablo/ADL IR/PDRIRADL17","PDRIRADL17"
"2024-07-09T11:52:17","2024-07-09T11:52:17","data/camera_data/Pablo/ADL IR/PDRIRADL18","PDRIRADL18"
"2024-07-09T11:53:58","2024-07-09T11:53:59","data/camera_data/Pablo/ADL IR/PDRIRADL19","PDRIRADL19"
"2024-07-09T11:55:17","2024-07-09T11:55:17","data/camera_data/Pablo/ADL IR/PDRIRADL20","PDRIRADL20"
"2024-07-09T11:56:16","2024-07-09T11:56:13","data/camera_data/Pablo/ADL IR/PDRIRADL21","PDRIRADL21"
"2024-07-09T11:57:05","2024-07-09T11:57:06","data/camera_data/Pablo/ADL IR/PDRIRADL22","PDRIRADL22"
"2024-07-09T11:59:35","2024-07-09T11:59:37","data/camera_data/Pablo/ADL IR/PDRIRADL23","PDRIRADL23"
"2024-07-09T12:00:54","2024-07-09T12:00:46","data/camera_data/Pablo/ADL IR/PDRIRADL24","PDRIRADL24"
"2024-07-09T12:01:58","2024-07-09T12:02:06","data/camera_data/Pablo/ADL IR/PDRIRADL25","PDRIRADL25"
"2024-07-09T12:02:59","2024-07-09T12:02:55","data/camera_data/Pablo/ADL IR/PDRIRADL26","PDRIRADL26"
"2024-07-09T12:03:51","2024-07-09T12:03:51","data/camera_data/Pablo/ADL IR/PDRIRADL27","PDRIRADL27"
"2024-07-09T12:04:52","2024-07-09T12:05:00","data/camera_data/Pablo/ADL IR/PDRIRADL28","PDRIRADL28"
"2024-07-09T12:05:55","2024-07-09T12:06:06","data/camera_data/Pablo/ADL IR/PDRIRADL29","PDRIRADL29"
"2024-07-09T12:07:51","2024-07-09T12:07:49","data/camera_data/Pablo/ADL IR/PDRIRADL30","PDRIRADL30"
"2024-07-09T12:09:10","2024-07-09T12:09:04","data/camera_data/Pablo/ADL IR/PDRIRADL31","PDRIRADL31"
"2024-07-09T12:09:56","2024-07-09T12:09:51","data/camera_data/Pablo/ADL IR/PDRIRADL32","PDRIRADL32"
"2024-07-09T12:11:03","2024-07-09T12:11:07","data/camera_data/Pablo/ADL IR/PDRIRADL33","PDRIRADL33"
"2024-07-09T12:12:12","2024-07-09T12:12:06","data/camera_data/Pablo/ADL IR/PDRIRADL34","PDRIRADL34"
"2024-07-09T12:17:17","2024-07-09T12:17:09","data/camera_data/Pablo/ADL IR/PDRIRADL35","PDRIRADL35"
"2024-07-09T12:18:06","2024-07-09T12:18:03","data/camera_data/Pablo/ADL IR/PDRIRADL36","PDRIRADL36"
"2024-07-09T12:19:06","2024-07-09T12:18:54","data/camera_data/Pablo/ADL IR/PDRIRADL37","PDRIRADL37"
"2024-07-09T12:20:04","2024-07-09T12:19:58","data/camera_data/Pablo/ADL IR/PDRIRADL38","PDRIRADL38"
"2024-07-09T12:20:59","2024-07-09T12:20:59","data/camera_data/Pablo/ADL IR/PDRIRADL39","PDRIRADL39"
"2024-07-09T12:22:34","2024-07-09T12:22:38","data/camera_data/Pablo/ADL IR/PDRIRADL40","PDRIRADL40"
"2024-07-09T12:23:29","2024-07-09T12:23:26","data/camera_data/Pablo/ADL IR/PDRIRADL41","PDRIRADL41"
"2024-07-09T12:24:18","2024-07-09T12:24:29","data/camera_data/Pablo/ADL IR/PDRIRADL42","PDRIRADL42"
"2024-07-09T12:25:29","2024-07-09T12:25:31","data/camera_data/Pablo/ADL IR/PDRIRADL43","PDRIRADL43"
"2024-07-09T12:29:32","2024-07-09T12:29:26","data/camera_data/Pablo/ADL IR/PDRIRADL44","PDRIRADL44"
"2024-07-09T12:30:15","2024-07-09T12:30:16","data/camera_data/Pablo/ADL IR/PDRIRADL45","PDRIRADL45"
"2024-07-09T12:31:17","2024-07-09T12:31:22","data/camera_data/Pablo/ADL IR/PDRIRADL46","PDRIRADL46"
"2024-07-09T12:32:19","2024-07-09T12:32:15","data/camera_data/Pablo/ADL IR/PDRIRADL47","PDRIRADL47"
"2024-07-09T12:33:02","2024-07-09T12:33:03","data/camera_data/Pablo/ADL IR/PDRIRADL48","PDRIRADL48"
"2024-07-09T12:34:58","2024-07-09T12:35:24","data/camera_data/Pablo/ADL IR/PDRIRADL82","PDRIRADL82"
"2024-07-09T12:36:39","2024-07-09T12:36:21","data/camera_data/Pablo/ADL IR/PDRIRADL83","PDRIRADL83"
"2024-07-09T12:40:06","2024-07-09T12:40:16","data/camera_data/Pablo/ADL IR/PDRIRADL49","PDRIRADL49"
"2024-07-09T12:41:05","2024-07-09T12:41:15","data/camera_data/Pablo/ADL IR/PDRIRADL50","PDRIRADL50"
"2024-07-09T12:42:02","2024-07-09T12:42:08","data/camera_data/Pablo/ADL IR/PDRIRADL51","PDRIRADL51"
"2024-07-09T12:43:40","2024-07-09T12:43:47","data/camera_data/Pablo/ADL IR/PDRIRADL52","PDRIRADL52"
"2024-07-09T12:44:26","2024-07-09T12:44:24","data/camera_data/Pablo/ADL IR/PDRIRADL53","PDRIRADL53"
"2024-07-09T12:45:48","2024-07-09T12:45:44","data/camera_data/Pablo/ADL IR/PDRIRADL54","PDRIRADL54"
"2024-07-09T12:46:37","2024-07-09T12:46:42","data/camera_data/Pablo/ADL IR/PDRIRADL55","PDRIRADL55"
"2024-07-09T12:48:27","2024-07-09T12:48:42","data/camera_data/Pablo/ADL IR/PDRIRADL56","PDRIRADL56"
"2024-07-09T12:51:15","2024-07-09T12:51:14","data/camera_data/Pablo/ADL IR/PDRIRADL57","PDRIRADL57"
"2024-07-09T12:52:17","2024-07-09T12:52:24","data/camera_data/Pablo/ADL IR/PDRIRADL58","PDRIRADL58"
"2024-07-09T12:57:56","2024-07-09T12:58:00","data/camera_data/Pablo/ADL IR/PDRIRADL70","PDRIRADL70"
"2024-07-09T12:59:01","2024-07-09T12:59:01","data/camera_data/Pablo/ADL IR/PDRIRADL71","PDRIRADL71"
"2024-07-10T13:31:24","2024-07-10T13:31:24","data/camera_data/Clive/09_07 CADL Infrared/CADLIR82","CADLIR82"
"2024-07-10T13:33:35","2024-07-10T13:33:37","data/camera_data/Clive/09_07 CADL Infrared/CADLIR83","CADLIR83"
"2024-07-10T13:35:57","2024-07-10T13:36:00","data/camera_data/Clive/09_07 CFalls Infrared/CFPM01","CFPM01"
"2024-07-10T13:36:50","2024-07-10T13:36:48","data/camera_data/Clive/09_07 CFalls Infrared/CFPM02","CFPM02"
"2024-07-10T13:37:51","2024-07-10T13:37:54","data/camera_data/Clive/09_07 CFalls Infrared/CFPM03","CFPM03"
"2024-07-10T13:38:32","2024-07-10T13:38:32","data/camera_data/Clive/09_07 CFalls Infrared/CFPM04","CFPM04"
"2024-07-10T13:39:21","2024-07-10T13:39:24","data/camera_data/Clive/09_07 CFalls Infrared/CFPM05","CFPM05"
"2024-07-10T13:40:05","2024-07-10T13:40:07","data/camera_data/Clive/09_07 CFalls Infrared/CFPM06","CFPM06"
"2024-07-10T13:40:48","2024-07-10T13:40:51","data/camera_data/Clive/09_07 CFalls Infrared/CFPM07","CFPM07"
"2024-07-10T13:41:45","2024-07-10T13:41:59","data/camera_data/Clive/09_07 CFalls Infrared/CFPM08","CFPM08"
"2024-07-10T13:42:26","2024-07-10T13:42:25","data/camera_data/Clive/09_07 CFalls Infrared/CFPM09","CFPM09"
"2024-07-10T13:43:10","2024-07-10T13:43:07","data/camera_data/Clive/09_07 CFalls Infrared/CFPM10","CFPM10"
"2024-07-10T13:43:53","2024-07-10T13:43:53","data/camera_data/Clive/09_07 CFalls Infrared/CFPM11","CFPM11"
"2024-07-10T13:44:44","2024-07-10T13:44:45","data/camera_data/Clive/09_07 CFalls Infrared/CFPM12","CFPM12"
"2024-07-10T13:45:36","2024-07-10T13:45:37","data/camera_data/Clive/09_07 CFalls Infrared/CFPM13","CFPM13"
"2024-07-10T13:46:27","2024-07-10T13:46:19","data/camera_data/Clive/09_07 CFalls Infrared/CFPM14","CFPM14"
"2024-07-10T13:47:21","2024-07-10T13:47:19","data/camera_data/Clive/09_07 CFalls Infrared/CFPM15","CFPM15"
"2024-07-10T13:48:27","2024-07-10T13:48:26","data/camera_data/Clive/09_07 CFalls Infrared/CFPM16","CFPM16"
"2024-07-10T13:49:07","2024-07-10T13:49:11","data/camera_data/Clive/09_07 CFalls Infrared/CFPM17","CFPM17"
"2024-07-10T13:49:51","2024-07-10T13:49:58","data/camera_data/Clive/09_07 CFalls Infrared/CFPM18","CFPM18"
"2024-07-10T13:50:39","2024-07-10T13:50:41","data/camera_data/Clive/09_07 CFalls Infrared/CFPM19","CFPM19"
"2024-07-10T13:51:23","2024-07-10T13:51:21","data/camera_data/Clive/09_07 CFalls Infrared/CFPM20","CFPM20"
"2024-07-10T13:52:08","2024-07-10T13:52:08","data/camera_data/Clive/09_07 CFalls Infrared/CFPM21","CFPM21"
"2024-07-10T13:52:57","2024-07-10T13:52:54","data/camera_data/Clive/09_07 CFalls Infrared/CFPM22","CFPM22"
"2024-07-10T13:53:47","2024-07-10T13:53:40","data/camera_data/Clive/09_07 CFalls Infrared/CFPM23","CFPM23"
"2024-07-10T13:54:29","2024-07-10T13:54:30","data/camera_data/Clive/09_07 CFalls Infrared/CFPM24","CFPM24"
"2024-07-10T13:55:17","2024-07-10T13:55:19","data/camera_data/Clive/09_07 CFalls Infrared/CFPM25","CFPM25"
"2024-07-10T13:56:00","2024-07-10T13:56:06","data/camera_data/Clive/09_07 CFalls Infrared/CFPM26","CFPM26"
"2024-07-10T13:56:49","2024-07-10T13:56:52","data/camera_data/Clive/09_07 CFalls Infrared/CFPM27","CFPM27"
"2024-07-10T13:57:40","2024-07-10T13:57:33","data/camera_data/Clive/09_07 CFalls Infrared/CFPM28","CFPM28"
"2024-07-10T14:01:47","2024-07-10T14:01:47","data/camera_data/Clive/09_07 CFalls Infrared/CFPM29","CFPM29"
"2024-07-10T14:02:43","2024-07-10T14:02:43","data/camera_data/Clive/09_07 CFalls Infrared/CFPM30","CFPM30"
"2024-07-10T14:03:33","2024-07-10T14:03:25","data/camera_data/Clive/09_07 CFalls Infrared/CFPM31","CFPM31"
"2024-07-10T14:04:21","2024-07-10T14:04:18","data/camera_data/Clive/09_07 CFalls Infrared/CFPM32","CFPM32"
"2024-07-10T14:05:06","2024-07-10T14:05:09","data/camera_data/Clive/09_07 CFalls Infrared/CFPM33","CFPM33"
"2024-07-10T14:05:51","2024-07-10T14:05:48","data/camera_data/Clive/09_07 CFalls Infrared/CFPM34","CFPM34"
"2024-07-10T14:06:45","2024-07-10T14:06:41","data/camera_data/Clive/09_07 CFalls Infrared/CFPM35","CFPM35"
"2024-07-10T14:07:26","2024-07-10T14:07:27","data/camera_data/Clive/09_07 CFalls Infrared/CFPM36","CFPM36"
"2024-07-10T14:24:36","2024-07-10T14:24:37","data/camera_data/Clive/09_07 CADL Infrared/CADLIR01","CADLIR01"
"2024-07-10T14:25:29","2024-07-10T14:25:33","data/camera_data/Clive/09_07 CADL Infrared/CADLIR02","CADLIR02"
"2024-07-10T14:26:12","2024-07-10T14:26:13","data/camera_data/Clive/09_07 CADL Infrared/CADLIR03","CADLIR03"
"2024-07-10T14:27:22","2024-07-10T14:27:25","data/camera_data/Clive/09_07 CADL Infrared/CADLIR04","CADLIR04"
"2024-07-10T14:29:21","2024-07-10T14:29:22","data/camera_data/Clive/09_07 CADL Infrared/CADLIR05","CADLIR05"
"2024-07-10T14:30:24","2024-07-10T14:30:24","data/camera_data/Clive/09_07 CADL Infrared/CADLIR06","CADLIR06"
"2024-07-10T14:31:54","2024-07-10T14:31:50","data/camera_data/Clive/09_07 CADL Infrared/CADLIR07","CADLIR07"
"2024-07-10T14:32:47","2024-07-10T14:32:50","data/camera_data/Clive/09_07 CADL Infrared/CADLIR08","CADLIR08"
"2024-07-10T14:34:30","2024-07-10T14:34:25","data/camera_data/Clive/09_07 CADL Infrared/CADLIR09","CADLIR09"
"2024-07-10T14:36:42","2024-07-10T14:36:43","data/camera_data/Clive/09_07 CADL Infrared/CADLIR10","CADLIR10"
"2024-07-10T14:37:31","2024-07-10T14:37:29","data/camera_data/Clive/09_07 CADL Infrared/CADLIR11","CADLIR11"
"2024-07-10T14:38:06","2024-07-10T14:38:07","data/camera_data/Clive/09_07 CADL Infrared/CADLIR12","CADLIR12"
"2024-07-10T14:39:11","2024-07-10T14:39:02","data/camera_data/Clive/09_07 CADL Infrared/CADLIR13","CADLIR13"
"2024-07-10T14:39:46","2024-07-10T14:39:51","data/camera_data/Clive/09_07 CADL Infrared/CADLIR14","CADLIR14"
"2024-07-10T14:42:40","2024-07-10T14:42:40","data/camera_data/Clive/09_07 CADL Infrared/CADLIR15","CADLIR15"
"2024-07-10T14:43:22","2024-07-10T14:43:22","data/camera_data/Clive/09_07 CADL Infrared/CADLIR16","CADLIR16"
"2024-07-10T14:43:57","2024-07-10T14:43:58","data/camera_data/Clive/09_07 CADL Infrared/CADLIR17","CADLIR17"
"2024-07-10T14:44:48","2024-07-10T14:44:53","data/camera_data/Clive/09_07 CADL Infrared/CADLIR18","CADLIR18"
"2024-07-10T14:45:38","2024-07-10T14:45:30","data/camera_data/Clive/09_07 CADL Infrared/CADLIR19","CADLIR19"
"2024-07-10T14:46:20","2024-07-10T14:46:20","data/camera_data/Clive/09_07 CADL Infrared/CADLIR20","CADLIR20"
"2024-07-10T14:47:09","2024-07-10T14:47:08","data/camera_data/Clive/09_07 CADL Infrared/CADLIR21","CADLIR21"
"2024-07-10T14:47:51","2024-07-10T14:47:53","data/camera_data/Clive/09_07 CADL Infrared/CADLIR22","CADLIR22"
"2024-07-10T14:48:50","2024-07-10T14:48:48","data/camera_data/Clive/09_07 CADL Infrared/CADLIR23","CADLIR23"
"2024-07-10T14:49:44","2024-07-10T14:49:41","data/camera_data/Clive/09_07 CADL Infrared/CADLIR24","CADLIR24"
"2024-07-10T14:50:29","2024-07-10T14:50:39","data/camera_data/Clive/09_07 CADL Infrared/CADLIR25","CADLIR25"
"2024-07-10T14:51:33","2024-07-10T14:51:28","data/camera_data/Clive/09_07 CADL Infrared/CADLIR26","CADLIR26"
"2024-07-10T14:52:24","2024-07-10T14:52:20","data/camera_data/Clive/09_07 CADL Infrared/CADLIR27","CADLIR27"
"2024-07-10T14:53:09","2024-07-10T14:53:14","data/camera_data/Clive/09_07 CADL Infrared/CADLIR28","CADLIR28"
"2024-07-10T14:54:03","2024-07-10T14:54:07","data/camera_data/Clive/09_07 CADL Infrared/CADLIR29","CADLIR29"
"2024-07-10T14:54:47","2024-07-10T14:54:43","data/camera_data/Clive/09_07 CADL Infrared/CADLIR30","CADLIR30"
"2024-07-10T14:55:43","2024-07-10T14:55:34","data/camera_data/Clive/09_07 CADL Infrared/CADLIR31","CADLIR31"
"2024-07-10T14:56:30","2024-07-10T14:56:32","data/camera_data/Clive/09_07 CADL Infrared/CADLIR32","CADLIR32"
"2024-07-10T14:57:22","2024-07-10T14:57:18","data/camera_data/Clive/09_07 CADL Infrared/CADLIR33","CADLIR33"
"2024-07-10T14:58:20","2024-07-10T14:58:10","data/camera_data/Clive/09_07 CADL Infrared/CADLIR34","CADLIR34"
"2024-07-10T14:59:11","2024-07-10T14:59:11","data/camera_data/Clive/09_07 CADL Infrared/CADLIR35","CADLIR35"
"2024-07-10T15:00:00","2024-07-10T14:59:56","data/camera_data/Clive/09_07 CADL Infrared/CADLIR36","CADLIR36"
"2024-07-10T15:00:49","2024-07-10T15:00:47","data/camera_data/Clive/09_07 CADL Infrared/CADLIR37","CADLIR37"
"2024-07-10T15:01:23","2024-07-10T15:01:27","data/camera_data/Clive/09_07 CADL Infrared/CADLIR38","CADLIR38"
"2024-07-10T15:02:17","2024-07-10T15:02:12","data/camera_data/Clive/09_07 CADL Infrared/CADLIR39","CADLIR39"
"2024-07-10T15:03:26","2024-07-10T15:03:31","data/camera_data/Clive/09_07 CADL Infrared/CADLIR40","CADLIR40"
"2024-07-10T15:04:13","2024-07-10T15:04:20","data/camera_data/Clive/09_07 CADL Infrared/CADLIR41","CADLIR41"
"2024-07-10T15:05:46","2024-07-10T15:05:41","data/camera_data/Clive/09_07 CADL Infrared/CADLIR42","CADLIR42"
"2024-07-10T15:07:00","2024-07-10T15:07:03","data/camera_data/Clive/09_07 CADL Infrared/CADLIR43","CADLIR43"
"2024-07-10T15:09:41","2024-07-10T15:09:42","data/camera_data/Clive/09_07 CADL Infrared/CADLIR45","CADLIR45"
"2024-07-10T15:12:51","2024-07-10T15:12:51","data/camera_data/Clive/09_07 CADL Infrared/CADLIR46","CADLIR46"
"2024-07-10T15:13:57","2024-07-10T15:13:54","data/camera_data/Clive/09_07 CADL Infrared/CADLIR47","CADLIR47"
"2024-07-10T15:15:28","2024-07-10T15:15:22","data/camera_data/Clive/09_07 CADL Infrared/CADLIR48","CADLIR48"
"2024-07-10T15:16:13","2024-07-10T15:16:05","data/camera_data/Clive/09_07 CADL Infrared/CADLIR49","CADLIR49"
"2024-07-10T15:17:02","2024-07-10T15:16:55","data/camera_data/Clive/09_07 CADL Infrared/CADLIR50","CADLIR50"
"2024-07-10T15:17:58","2024-07-10T15:17:52","data/camera_data/Clive/09_07 CADL Infrared/CADLIR51","CADLIR51"
"2024-07-10T15:19:24","2024-07-10T15:19:26","data/camera_data/Clive/09_07 CADL Infrared/CADLIR52","CADLIR52"
"2024-07-10T15:20:21","2024-07-10T15:20:22","data/camera_data/Clive/09_07 CADL Infrared/CADLIR53","CADLIR53"
"2024-07-10T15:21:55","2024-07-10T15:21:51","data/camera_data/Clive/09_07 CADL Infrared/CADLIR54","CADLIR54"
"2024-07-10T15:23:19","2024-07-10T15:23:21","data/camera_data/Clive/09_07 CADL Infrared/CADLIR55","CADLIR55"
"2024-07-10T15:24:27","2024-07-10T15:24:36","data/camera_data/Clive/09_07 CADL Infrared/CADLIR56","CADLIR56"
"2024-07-10T15:26:04","2024-07-10T15:25:54","data/camera_data/Clive/09_07 CADL Infrared/CADLIR57","CADLIR57"
"2024-07-10T15:26:50","2024-07-10T15:26:57","data/camera_data/Clive/09_07 CADL Infrared/CADLIR58","CADLIR58"
"2024-07-10T15:29:02","2024-07-10T15:29:00","data/camera_data/Clive/09_07 CADL Infrared/CADLIR69","CADLIR69"
"2024-07-10T15:30:35","2024-07-10T15:30:36","data/camera_data/Clive/09_07 CADL Infrared/CADLIR70","CADLIR70"
"2024-07-10T15:31:37","2024-07-10T15:31:44","data/camera_data/Clive/09_07 CADL Infrared/CADLIR71","CADLIR71"
"2024-07-10T15:32:46","2024-07-10T15:32:50","data/camera_data/Clive/09_07 CADL Infrared/CADLIR72","CADLIR72"
"2024-07-10T15:34:01","2024-07-10T15:33:52","data/camera_data/Clive/09_07 CADL Infrared/CADLIR73","CADLIR73"
"2024-07-10T15:36:56","2024-07-10T15:36:55","data/camera_data/Clive/09_07 CADL Infrared/CADLIR74","CADLIR74"
"2024-07-10T15:43:06","2024-07-10T15:42:45","data/camera_data/Clive/09_07 CADL Infrared/CADLIR75","CADLIR75"
"2024-07-18T10:56:29","2024-07-18T10:56:33","data/camera_data/Blaine/Falls IR/BLIRF01","BLIRF01"
"2024-07-18T11:00:42","2024-07-18T11:00:40","data/camera_data/Blaine/Falls IR/BLIRF02","BLIRF02"
"2024-07-18T11:01:31","2024-07-18T11:01:41","data/camera_data/Blaine/Falls IR/BLIRF03","BLIRF03"
"2024-07-18T11:02:21","2024-07-18T11:02:25","data/camera_data/Blaine/Falls IR/BLIRF04","BLIRF04"
"2024-07-18T11:03:19","2024-07-18T11:03:21","data/camera_data/Blaine/Falls IR/BLIRF05","BLIRF05"
"2024-07-18T11:04:04","2024-07-18T11:03:59","data/camera_data/Blaine/Falls IR/BLIRF06","BLIRF06"
"2024-07-18T11:19:45","2024-07-18T11:19:43","data/camera_data/Blaine/Falls IR/BLIRF07","BLIRF07"
"2024-07-18T11:20:38","2024-07-18T11:20:37","data/camera_data/Blaine/Falls IR/BLIRF08","BLIRF08"
"2024-07-18T11:21:19","2024-07-18T11:21:15","data/camera_data/Blaine/Falls IR/BLIRF09","BLIRF09"
"2024-07-18T11:22:15","2024-07-18T11:22:08","data/camera_data/Blaine/Falls IR/BLIRF10","BLIRF10"
"2024-07-18T11:22:54","2024-07-18T11:22:54","data/camera_data/Blaine/Falls IR/BLIRF11","BLIRF11"
"2024-07-18T11:23:46","2024-07-18T11:23:44","data/camera_data/Blaine/Falls IR/BLIRF12","BLIRF12"
"2024-07-18T11:26:43","2024-07-18T11:26:41","data/camera_data/Blaine/Falls IR/BLIRF13","BLIRF13"
"2024-07-18T11:27:21","2024-07-18T11:27:27","data/camera_data/Blaine/Falls IR/BLIRF14","BLIRF14"
"2024-07-18T11:28:19","2024-07-18T11:28:20","data/camera_data/Blaine/Falls IR/BLIRF15","BLIRF15"
"2024-07-18T11:29:08","2024-07-18T11:29:06","data/camera_data/Blaine/Falls IR/BLIRF16","BLIRF16"
"2024-07-18T11:29:48","2024-07-18T11:29:52","data/camera_data/Blaine/Falls IR/BLIRF17","BLIRF17"
"2024-07-18T11:30:32","2024-07-18T11:30:38","data/camera_data/Blaine/Falls IR/BLIRF18","BLIRF18"
"2024-07-18T11:31:11","2024-07-18T11:31:08","data/camera_data/Blaine/Falls IR/BLIRF19","BLIRF19"
"2024-07-18T11:31:51","2024-07-18T11:31:49","data/camera_data/Blaine/Falls IR/BLIRF20","BLIRF20"
"2024-07-18T11:32:37","2024-07-18T11:32:40","data/camera_data/Blaine/Falls IR/BLIRF21","BLIRF21"
"2024-07-18T11:33:22","2024-07-18T11:33:18","data/camera_data/Blaine/Falls IR/BLIRF22","BLIRF22"
"2024-07-18T11:34:09","2024-07-18T11:34:09","data/camera_data/Blaine/Falls IR/BLIRF23","BLIRF23"
"2024-07-18T11:35:03","2024-07-18T11:35:04","data/camera_data/Blaine/Falls IR/BLIRF24","BLIRF24"
"2024-07-18T11:35:43","2024-07-18T11:35:51","data/camera_data/Blaine/Falls IR/BLIRF25","BLIRF25"
"2024-07-18T11:36:36","2024-07-18T11:36:32","data/camera_data/Blaine/Falls IR/BLIRF26","BLIRF26"
"2024-07-18T11:37:29","2024-07-18T11:37:33","data/camera_data/Blaine/Falls IR/BLIRF27","BLIRF27"
"2024-07-18T11:41:34","2024-07-18T11:41:28","data/camera_data/Blaine/Falls IR/BLIRF28","BLIRF28"
"2024-07-18T11:42:33","2024-07-18T11:42:32","data/camera_data/Blaine/Falls IR/BLIRF30","BLIRF30"
"2024-07-18T11:44:38","2024-07-18T11:44:33","data/camera_data/Blaine/Falls IR/BLIRF32","BLIRF32"
"2024-07-18T11:45:33","2024-07-18T11:45:32","data/camera_data/Blaine/Falls IR/BLIRF33","BLIRF33"
"2024-07-18T11:46:24","2024-07-18T11:46:23","data/camera_data/Blaine/Falls IR/BLIRF34","BLIRF34"
"2024-07-18T11:47:03","2024-07-18T11:47:06","data/camera_data/Blaine/Falls IR/BLIRF35","BLIRF35"
"2024-07-18T11:47:54","2024-07-18T11:47:49","data/camera_data/Blaine/Falls IR/BLIRF36","BLIRF36"
"2024-07-18T11:51:26","2024-07-18T11:51:28","data/camera_data/Blaine/ADL IR/BLIRADL01","BLIRADL01"
"2024-07-18T11:52:19","2024-07-18T11:52:19","data/camera_data/Blaine/ADL IR/BLIRADL02","BLIRADL02"
"2024-07-18T11:53:10","2024-07-18T11:53:00","data/camera_data/Blaine/ADL IR/BLIRADL03","BLIRADL03"
"2024-07-18T11:55:22","2024-07-18T11:55:20","data/camera_data/Blaine/ADL IR/BLIRADL04","BLIRADL04"
"2024-07-18T11:56:17","2024-07-18T11:56:18","data/camera_data/Blaine/ADL IR/BLIRADL05","BLIRADL05"
"2024-07-18T11:56:56","2024-07-18T11:56:56","data/camera_data/Blaine/ADL IR/BLIRADL06","BLIRADL06"
"2024-07-18T11:58:04","2024-07-18T11:58:01","data/camera_data/Blaine/ADL IR/BLIRADL07","BLIRADL07"
"2024-07-18T11:59:06","2024-07-18T11:58:58","data/camera_data/Blaine/ADL IR/BLIRADL08","BLIRADL08"
"2024-07-18T11:59:51","2024-07-18T11:59:48","data/camera_data/Blaine/ADL IR/BLIRADL09","BLIRADL09"
"2024-07-18T12:00:34","2024-07-18T12:00:43","data/camera_data/Blaine/ADL IR/BLIRADL10","BLIRADL10"
"2024-07-18T12:01:28","2024-07-18T12:01:22","data/camera_data/Blaine/ADL IR/BLIRADL11","BLIRADL11"
"2024-07-18T12:02:03","2024-07-18T12:02:10","data/camera_data/Blaine/ADL IR/BLIRADL12","BLIRADL12"
"2024-07-18T12:03:15","2024-07-18T12:03:16","data/camera_data/Blaine/ADL IR/BLIRADL13","BLIRADL13"
"2024-07-18T12:03:59","2024-07-18T12:04:02","data/camera_data/Blaine/ADL IR/BLIRADL14","BLIRADL14"
"2024-07-18T12:05:16","2024-07-18T12:05:15","data/camera_data/Blaine/ADL IR/BLIRADL15","BLIRADL15"
"2024-07-18T12:06:06","2024-07-18T12:05:56","data/camera_data/Blaine/ADL IR/BLIRADL16","BLIRADL16"
"2024-07-18T12:07:52","2024-07-18T12:08:01","data/camera_data/Blaine/ADL IR/BLIRADL17","BLIRADL17"
"2024-07-18T12:09:23","2024-07-18T12:09:25","data/camera_data/Blaine/ADL IR/BLIRADL18","BLIRADL18"
"2024-07-18T12:10:03","2024-07-18T12:10:00","data/camera_data/Blaine/ADL IR/BLIRADL19","BLIRADL19"
"2024-07-18T12:10:49","2024-07-18T12:10:48","data/camera_data/Blaine/ADL IR/BLIRADL20","BLIRADL20"
"2024-07-18T12:11:28","2024-07-18T12:11:30","data/camera_data/Blaine/ADL IR/BLIRADL21","BLIRADL21"
"2024-07-18T12:12:18","2024-07-18T12:12:10","data/camera_data/Blaine/ADL IR/BLIRADL22","BLIRADL22"
"2024-07-18T12:13:42","2024-07-18T12:13:48","data/camera_data/Blaine/ADL IR/BLIRADL23","BLIRADL23"
"2024-07-18T12:15:00","2024-07-18T12:15:01","data/camera_data/Blaine/ADL IR/BLIRADL24","BLIRADL24"
"2024-07-18T12:15:51","2024-07-18T12:16:02","data/camera_data/Blaine/ADL IR/BLIRADL25","BLIRADL25"
"2024-07-18T12:17:22","2024-07-18T12:17:21","data/camera_data/Blaine/ADL IR/BLIRADL26","BLIRADL26"
"2024-07-18T12:18:21","2024-07-18T12:18:26","data/camera_data/Blaine/ADL IR/BLIRADL27","BLIRADL27"
"2024-07-18T12:19:34","2024-07-18T12:19:39","data/camera_data/Blaine/ADL IR/BLIRADL28","BLIRADL28"
"2024-07-18T12:23:58","2024-07-18T12:23:57","data/camera_data/Blaine/ADL IR/BLIRADL29","BLIRADL29"
"2024-07-18T12:28:24","2024-07-18T12:28:27","data/camera_data/Blaine/ADL IR/BLIRADL30","BLIRADL30"
"2024-07-29T10:07:16","2024-07-29T10:07:14","data/camera_data/Lyne/Falls IR/LIRAFALL1","LIRAFALL1"
"2024-07-29T10:08:18","2024-07-29T10:08:15","data/camera_data/Lyne/Falls IR/LIRAFALL2","LIRAFALL2"
"2024-07-29T10:09:38","2024-07-29T10:09:38","data/camera_data/Lyne/Falls IR/LIRAFALL6","LIRAFALL6"
"2024-07-29T10:11:20","2024-07-29T10:11:27","data/camera_data/Lyne/Falls IR/LIRAFALL3","LIRAFALL3"
"2024-07-29T10:13:03","2024-07-29T10:13:12","data/camera_data/Lyne/Falls IR/LIRAFALL5","LIRAFALL5"
"2024-07-29T10:15:57","2024-07-29T10:15:55","data/camera_data/Lyne/Falls IR/LIRAFALL4","LIRAFALL4"
"2024-07-29T10:16:39","2024-07-29T10:16:39","data/camera_data/Lyne/Falls IR/LIRAFALL7","LIRAFALL7"
"2024-07-29T10:17:22","2024-07-29T10:17:26","data/camera_data/Lyne/Falls IR/LIRAFALL8","LIRAFALL8"
"2024-07-29T10:18:33","2024-07-29T10:18:37","data/camera_data/Lyne/Falls IR/LIRAFALL9","LIRAFALL9"
"2024-07-29T10:19:17","2024-07-29T10:19:18","data/camera_data/Lyne/Falls IR/LIRAFALL10","LIRAFALL10"
"2024-07-29T10:20:15","2024-07-29T10:20:18","data/camera_data/Lyne/Falls IR/LIRAFALL11","LIRAFALL11"
"2024-07-29T10:21:15","2024-07-29T10:21:17","data/camera_data/Lyne/Falls IR/LIRAFALL12","LIRAFALL12"
"2024-07-29T10:22:03","2024-07-29T10:22:09","data/camera_data/Lyne/Falls IR/LIRAFALL13","LIRAFALL13"
"2024-07-29T10:22:58","2024-07-29T10:23:07","data/camera_data/Lyne/Falls IR/LIRAFALL14","LIRAFALL14"
"2024-07-29T10:23:56","2024-07-29T10:24:03","data/camera_data/Lyne/Falls IR/LIRAFALL15","LIRAFALL15"
"2024-07-29T10:24:46","2024-07-29T10:24:47","data/camera_data/Lyne/Falls IR/LIRAFALL16","LIRAFALL16"
"2024-07-29T10:25:47","2024-07-29T10:25:40","data/camera_data/Lyne/Falls IR/LIRAFALL17","LIRAFALL17"
"2024-07-29T10:26:35","2024-07-29T10:26:35","data/camera_data/Lyne/Falls IR/LIRAFALL18","LIRAFALL18"
"2024-07-29T10:27:28","2024-07-29T10:27:23","data/camera_data/Lyne/Falls IR/LIRAFALL19","LIRAFALL19"
"2024-07-29T10:28:11","2024-07-29T10:28:15","data/camera_data/Lyne/Falls IR/LIRAFALL20","LIRAFALL20"
"2024-07-29T10:29:00","2024-07-29T10:29:02","data/camera_data/Lyne/Falls IR/LIRAFALL21","LIRAFALL21"
"2024-07-29T10:31:12","2024-07-29T10:31:11","data/camera_data/Lyne/Falls IR/LIRAFALL22","LIRAFALL22"
"2024-07-29T10:32:31","2024-07-29T10:32:38","data/camera_data/Lyne/Falls IR/LIRAFALL23","LIRAFALL23"
"2024-07-29T10:33:23","2024-07-29T10:33:22","data/camera_data/Lyne/Falls IR/LIRAFALL24","LIRAFALL24"
"2024-07-29T10:34:15","2024-07-29T10:34:14","data/camera_data/Lyne/Falls IR/LIRAFALL25","LIRAFALL25"
"2024-07-29T10:36:47","2024-07-29T10:36:50","data/camera_data/Lyne/Falls IR/LIRAFALL26","LIRAFALL26"
"2024-07-29T10:37:46","2024-07-29T10:37:46","data/camera_data/Lyne/Falls IR/LIRAFALL27","LIRAFALL27"
"2024-07-29T10:38:31","2024-07-29T10:38:27","data/camera_data/Lyne/Falls IR/LIRAFALL28","LIRAFALL28"
"2024-07-29T10:40:44","2024-07-29T10:40:44","data/camera_data/Lyne/Falls IR/LIRAFALL29","LIRAFALL29"
"2024-07-29T10:41:24","2024-07-29T10:41:29","data/camera_data/Lyne/Falls IR/LIRAFALL30","LIRAFALL30"
"2024-07-29T10:42:06","2024-07-29T10:42:08","data/camera_data/Lyne/Falls IR/LIRAFALL31","LIRAFALL31"
"2024-07-29T10:47:21","2024-07-29T10:47:21","data/camera_data/Lyne/Falls IR/LIRAFALL32","LIRAFALL32"
"2024-07-29T10:48:12","2024-07-29T10:48:11","data/camera_data/Lyne/Falls IR/LIRAFALL33","LIRAFALL33"
"2024-07-29T10:49:07","2024-07-29T10:49:08","data/camera_data/Lyne/Falls IR/LIRAFALL34","LIRAFALL34"
"2024-07-29T10:49:51","2024-07-29T10:49:55","data/camera_data/Lyne/Falls IR/LIRAFALL35","LIRAFALL35"
"2024-07-29T10:50:41","2024-07-29T10:50:44","data/camera_data/Lyne/Falls IR/LIRAFALL36","LIRAFALL36"
"2024-07-29T11:05:53","2024-07-29T11:05:45","data/camera_data/Lyne/ADL IR/LIRADL1","LIRADL1"
"2024-07-29T11:07:10","2024-07-29T11:06:56","data/camera_data/Lyne/ADL IR/LIRADL2","LIRADL2"
"2024-07-29T11:07:51","2024-07-29T11:07:48","data/camera_data/Lyne/ADL IR/LIRADL3","LIRADL3"
"2024-07-29T11:09:57","2024-07-29T11:09:51","data/camera_data/Lyne/ADL IR/LIRADL4","LIRADL4"
"2024-07-29T11:10:40","2024-07-29T11:10:37","data/camera_data/Lyne/ADL IR/LIRADL5","LIRADL5"
"2024-07-29T11:11:26","2024-07-29T11:11:22","data/camera_data/Lyne/ADL IR/LIRADL6","LIRADL6"
"2024-07-29T11:13:20","2024-07-29T11:13:28","data/camera_data/Lyne/ADL IR/LIRADL7","LIRADL7"
"2024-07-29T11:14:21","2024-07-29T11:14:26","data/camera_data/Lyne/ADL IR/LIRADL8","LIRADL8"
"2024-07-29T11:17:34","2024-07-29T11:17:33","data/camera_data/Lyne/ADL IR/LIRADL9","LIRADL9"
"2024-07-29T11:21:44","2024-07-29T11:21:38","data/camera_data/Lyne/ADL IR/LIRADL10","LIRADL10"
"2024-07-29T11:22:22","2024-07-29T11:22:23","data/camera_data/Lyne/ADL IR/LIRADL11","LIRADL11"
"2024-07-29T11:23:13","2024-07-29T11:23:07","data/camera_data/Lyne/ADL IR/LIRADL12","LIRADL12"
"2024-07-29T11:24:09","2024-07-29T11:24:12","data/camera_data/Lyne/ADL IR/LIRADL13","LIRADL13"
"2024-07-29T11:25:36","2024-07-29T11:25:50","data/camera_data/Lyne/ADL IR/LIRADL14","LIRADL14"
"2024-07-29T11:26:39","2024-07-29T11:26:37","data/camera_data/Lyne/ADL IR/LIRADL15","LIRADL15"
"2024-07-29T11:27:24","2024-07-29T11:27:19","data/camera_data/Lyne/ADL IR/LIRADL16","LIRADL16"
"2024-07-29T11:28:11","2024-07-29T11:28:07","data/camera_data/Lyne/ADL IR/LIRADL17","LIRADL17"
"2024-07-29T11:28:52","2024-07-29T11:28:53","data/camera_data/Lyne/ADL IR/LIRADL18","LIRADL18"
"2024-07-29T11:30:07","2024-07-29T11:30:02","data/camera_data/Lyne/ADL IR/LIRADL19","LIRADL19"
"2024-07-29T11:30:33","2024-07-29T11:30:34","data/camera_data/Lyne/ADL IR/LIRADL20","LIRADL20"
"2024-07-29T11:31:32","2024-07-29T11:31:30","data/camera_data/Lyne/ADL IR/LIRADL21","LIRADL21"
"2024-07-29T11:32:46","2024-07-29T11:32:37","data/camera_data/Lyne/ADL IR/LIRADL22","LIRADL22"
"2024-07-29T11:33:42","2024-07-29T11:33:45","data/camera_data/Lyne/ADL IR/LIRADL23","LIRADL23"
"2024-07-29T11:34:25","2024-07-29T11:34:25","data/camera_data/Lyne/ADL IR/LIRADL24","LIRADL24"
"2024-07-29T11:35:22","2024-07-29T11:35:13","data/camera_data/Lyne/ADL IR/LIRADL25","LIRADL25"
"2024-07-29T11:36:32","2024-07-29T11:36:31","data/camera_data/Lyne/ADL IR/LIRADL26","LIRADL26"
"2024-07-29T11:37:28","2024-07-29T11:37:29","data/camera_data/Lyne/ADL IR/LIRADL27","LIRADL27"
"2024-07-29T11:38:16","2024-07-29T11:38:20","data/camera_data/Lyne/ADL IR/LIRADL28","LIRADL28"
"2024-07-29T11:39:13","2024-07-29T11:39:17","data/camera_data/Lyne/ADL IR/LIRADL29","LIRADL29"
"2024-07-29T11:40:15","2024-07-29T11:40:16","data/camera_data/Lyne/ADL IR/LIRADL30","LIRADL30"
"2024-07-29T11:44:26","2024-07-29T11:44:32","data/camera_data/Lyne/ADL IR/LIRADL31","LIRADL31"
"2024-07-29T11:45:19","2024-07-29T11:45:13","data/camera_data/Lyne/ADL IR/LIRADL32","LIRADL32"
"2024-07-29T11:46:07","2024-07-29T11:46:02","data/camera_data/Lyne/ADL IR/LIRADL33","LIRADL33"
"2024-07-29T11:46:58","2024-07-29T11:46:49","data/camera_data/Lyne/ADL IR/LIRADL34","LIRADL34"
"2024-07-29T11:47:47","2024-07-29T11:47:51","data/camera_data/Lyne/ADL IR/LIRADL35","LIRADL35"
"2024-07-29T11:49:28","2024-07-29T11:49:28","data/camera_data/Lyne/ADL IR/LIRADL36","LIRADL36"
"2024-07-29T11:50:30","2024-07-29T11:50:31","data/camera_data/Lyne/ADL IR/LIRADL37","LIRADL37"
"2024-07-29T11:51:29","2024-07-29T11:51:31","data/camera_data/Lyne/ADL IR/LIRADL38","LIRADL38"
"2024-07-29T11:52:14","2024-07-29T11:52:17","data/camera_data/Lyne/ADL IR/LIRADL39","LIRADL39"
"2024-07-29T11:53:35","2024-07-29T11:53:49","data/camera_data/Lyne/ADL IR/LIRADL40","LIRADL40"
"2024-07-29T11:54:55","2024-07-29T11:54:53","data/camera_data/Lyne/ADL IR/LIRADL41","LIRADL41"
"2024-07-29T11:57:01","2024-07-29T11:57:04","data/camera_data/Lyne/ADL IR/LIRADL42","LIRADL42"
"2024-07-29T11:58:03","2024-07-29T11:57:57","data/camera_data/Lyne/ADL IR/LIRADL43","LIRADL43"
"2024-07-29T11:59:30","2024-07-29T11:59:23","data/camera_data/Lyne/ADL IR/LIRADL44","LIRADL44"
"2024-07-29T12:00:16","2024-07-29T12:00:18","data/camera_data/Lyne/ADL IR/LIRADL45","LIRADL45"
"2024-07-29T12:01:07","2024-07-29T12:01:15","data/camera_data/Lyne/ADL IR/LIRADL46","LIRADL46"
"2024-07-29T12:02:11","2024-07-29T12:02:13","data/camera_data/Lyne/ADL IR/LIRADL47","LIRADL47"
"2024-07-29T12:03:56","2024-07-29T12:03:48","data/camera_data/Lyne/ADL IR/LIRADL48","LIRADL48"
"2024-07-29T12:04:50","2024-07-29T12:04:54","data/camera_data/Lyne/ADL IR/LIRADL49","LIRADL49"
"2024-07-29T12:05:43","2024-07-29T12:05:44","data/camera_data/Lyne/ADL IR/LIRADL50","LIRADL50"
"2024-07-29T12:06:59","2024-07-29T12:07:03","data/camera_data/Lyne/ADL IR/LIRADL51","LIRADL51"
"2024-07-29T12:08:10","2024-07-29T12:08:15","data/camera_data/Lyne/ADL IR/LIRADL52","LIRADL52"
"2024-07-29T12:09:07","2024-07-29T12:09:08","data/camera_data/Lyne/ADL IR/LIRADL53","LIRADL53"
"2024-07-29T12:09:52","2024-07-29T12:09:55","data/camera_data/Lyne/ADL IR/LIRADL54","LIRADL54"
"2024-07-29T12:11:22","2024-07-29T12:11:24","data/camera_data/Lyne/ADL IR/LIRADL55","LIRADL55"
"2024-07-29T12:12:28","2024-07-29T12:12:35","data/camera_data/Lyne/ADL IR/LIRADL56","LIRADL56"
"2024-07-29T12:14:12","2024-07-29T12:14:15","data/camera_data/Lyne/ADL IR/LIRADL57","LIRADL57"
"2024-07-29T12:15:23","2024-07-29T12:15:18","data/camera_data/Lyne/ADL IR/LIRADL58","LIRADL58"
"2024-07-29T12:17:29","2024-07-29T12:17:26","data/camera_data/Lyne/ADL IR/LIRADL59","LIRADL59"
"2024-07-29T12:26:24","2024-07-29T12:26:09","data/camera_data/Lyne/ADL IR/LIRADL70","LIRADL70"
"2024-07-29T12:27:17","2024-07-29T12:27:18","data/camera_data/Lyne/ADL IR/LIRADL71","LIRADL71"
"2024-07-29T12:28:22","2024-07-29T12:28:22","data/camera_data/Lyne/ADL IR/LIRADL72","LIRADL72"
"2024-07-29T12:29:29","2024-07-29T12:29:28","data/camera_data/Lyne/ADL IR/LIRADL73","LIRADL73"
"2024-08-02T10:46:39","2024-08-02T10:51:23","data/camera_data/Blaines wife/FALLS IR/BWIRFALL1","BWIRFALL1"
"2024-08-02T11:43:21","2024-08-02T11:43:21","data/camera_data/Blaines wife/FALLS IR/BWIRFALL2","BWIRFALL2"
"2024-08-02T11:44:32","2024-08-02T11:44:30","data/camera_data/Blaines wife/FALLS IR/BWIRFALL3","BWIRFALL3"
"2024-08-02T11:45:38","2024-08-02T11:45:35","data/camera_data/Blaines wife/FALLS IR/BWIRFALL4","BWIRFALL4"
"2024-08-02T11:46:32","2024-08-02T11:46:39","data/camera_data/Blaines wife/FALLS IR/BWIRFALL5","BWIRFALL5"
"2024-08-02T11:47:28","2024-08-02T11:47:17","data/camera_data/Blaines wife/FALLS IR/BWIRFALL6","BWIRFALL6"
"2024-08-02T11:48:27","2024-08-02T11:48:49","data/camera_data/Blaines wife/FALLS IR/BWIRFALL7","BWIRFALL7"
"2024-08-02T11:51:57","2024-08-02T11:52:00","data/camera_data/Blaines wife/FALLS IR/BWIRFALL8","BWIRFALL8"
"2024-08-02T11:52:40","2024-08-02T11:52:36","data/camera_data/Blaines wife/FALLS IR/BWIRFALL9","BWIRFALL9"
"2024-08-02T11:56:10","2024-08-02T11:56:18","data/camera_data/Blaines wife/FALLS IR/BWIRFALL11","BWIRFALL11"
"2024-08-02T11:57:27","2024-08-02T11:57:28","data/camera_data/Blaines wife/FALLS IR/BWIRFALL10","BWIRFALL10"
"2024-08-02T11:58:59","2024-08-02T11:58:56","data/camera_data/Blaines wife/FALLS IR/BWIRFALL12","BWIRFALL12"
"2024-08-02T11:59:50","2024-08-02T11:59:48","data/camera_data/Blaines wife/FALLS IR/BWIRFALL13","BWIRFALL13"
"2024-08-02T12:00:44","2024-08-02T12:00:49","data/camera_data/Blaines wife/FALLS IR/BWIRFALL14","BWIRFALL14"
"2024-08-02T12:01:31","2024-08-02T12:01:35","data/camera_data/Blaines wife/FALLS IR/BWIRFALL15","BWIRFALL15"
"2024-08-02T12:02:31","2024-08-02T12:02:28","data/camera_data/Blaines wife/FALLS IR/BWIRFALL16","BWIRFALL16"
"2024-08-02T12:03:28","2024-08-02T12:03:32","data/camera_data/Blaines wife/FALLS IR/BWIRFALL17","BWIRFALL17"
"2024-08-02T12:04:47","2024-08-02T12:04:48","data/camera_data/Blaines wife/FALLS IR/BWIRFALL18","BWIRFALL18"
"2024-08-02T12:05:46","2024-08-02T12:05:45","data/camera_data/Blaines wife/FALLS IR/BWIRFALL19","BWIRFALL19"
"2024-08-02T12:06:31","2024-08-02T12:06:35","data/camera_data/Blaines wife/FALLS IR/BWIRFALL20","BWIRFALL20"
"2024-08-02T12:12:42","2024-08-02T12:12:41","data/camera_data/Blaines wife/FALLS IR/BWIRFALL21","BWIRFALL21"
"2024-08-02T12:14:26","2024-08-02T12:14:19","data/camera_data/Blaines wife/FALLS IR/BWIRFALL23","BWIRFALL23"
"2024-08-02T12:15:09","2024-08-02T12:15:06","data/camera_data/Blaines wife/FALLS IR/BWIRFALL24","BWIRFALL24"
"2024-08-02T12:15:55","2024-08-02T12:15:52","data/camera_data/Blaines wife/FALLS IR/BWIRFALL25","BWIRFALL25"
"2024-08-02T12:16:44","2024-08-02T12:16:40","data/camera_data/Blaines wife/FALLS IR/BWIRFALL26","BWIRFALL26"
"2024-08-02T12:17:48","2024-08-02T12:17:48","data/camera_data/Blaines wife/FALLS IR/BWIRFALL27","BWIRFALL27"
"2024-08-02T12:19:57","2024-08-02T12:19:51","data/camera_data/Blaines wife/FALLS IR/BWIRFALL29","BWIRFALL29"
"2024-08-02T12:20:53","2024-08-02T12:18:32","data/camera_data/Blaines wife/FALLS IR/BWIRFALL28","BWIRFALL28"
"2024-08-02T12:21:46","2024-08-02T12:21:44","data/camera_data/Blaines wife/FALLS IR/BWIRFALL30","BWIRFALL30"
"2024-08-02T12:22:38","2024-08-02T12:22:41","data/camera_data/Blaines wife/FALLS IR/BWIRFALL31","BWIRFALL31"
"2024-08-02T12:23:18","2024-08-02T12:23:19","data/camera_data/Blaines wife/FALLS IR/BWIRFALL32","BWIRFALL32"
"2024-08-02T12:24:01","2024-08-02T12:24:03","data/camera_data/Blaines wife/FALLS IR/BWIRFALL33","BWIRFALL33"
"2024-08-02T12:25:01","2024-08-02T12:24:58","data/camera_data/Blaines wife/FALLS IR/BWIRFALL34","BWIRFALL34"
"2024-08-02T12:25:45","2024-08-02T12:25:44","data/camera_data/Blaines wife/FALLS IR/BWIRFALL35","BWIRFALL35"
"2024-08-02T12:26:34","2024-08-02T12:26:33","data/camera_data/Blaines wife/FALLS IR/BWIRFALL36","BWIRFALL36"
"2024-08-02T12:30:36","2024-08-02T12:30:25","data/camera_data/Blaines wife/ADL IR/BWADLIRRFALL1","BWADLIRRFALL1"
"2024-08-02T12:35:06","2024-08-02T12:34:57","data/camera_data/Blaines wife/ADL IR/BWADLIRRFALL2","BWADLIRRFALL2"
"2024-08-02T12:36:04","2024-08-02T12:36:11","data/camera_data/Blaines wife/ADL IR/BWADLIRRFALL3","BWADLIRRFALL3"
"2024-08-02T12:36:49","2024-08-02T12:36:53","data/camera_data/Blaines wife/ADL IR/BWADLIRRFALL4","BWADLIRRFALL4"
"2024-08-02T12:38:09","2024-08-02T12:38:15","data/camera_data/Blaines wife/ADL IR/BWADLIRRFALL5","BWADLIRRFALL5"
"2024-08-02T12:39:11","2024-08-02T12:39:03","data/camera_data/Blaines wife/ADL IR/BWADLIRRFALL6","BWADLIRRFALL6"
"2024-08-02T12:40:03","2024-08-02T12:40:10","data/camera_data/Blaines wife/ADL IR/BWADLIRRFALL7","BWADLIRRFALL7"
"2024-08-02T12:41:49","2024-08-02T12:41:36","data/camera_data/Blaines wife/ADL IR/BWADLIRRFALL8","BWADLIRRFALL8"
"2024-08-02T12:42:36","2024-08-02T12:42:38","data/camera_data/Blaines wife/ADL IR/BWADLIRRFALL9","BWADLIRRFALL9"
"2024-08-02T12:44:45","2024-08-02T12:44:58","data/camera_data/Blaines wife/ADL IR/BWADLIRRFALL10","BWADLIRRFALL10"
"2024-08-02T12:45:47","2024-08-02T12:45:36","data/camera_data/Blaines wife/ADL IR/BWADLIRRFALL11","BWADLIRRFALL11"
"2024-08-02T12:46:39","2024-08-02T12:46:31","data/camera_data/Blaines wife/ADL IR/BWADLIRRFALL12","BWADLIRRFALL12"
"2024-08-02T12:47:20","2024-08-02T12:47:24","data/camera_data/Blaines wife/ADL IR/BWADLIRRFALL13","BWADLIRRFALL13"
"2024-08-02T12:48:22","2024-08-02T12:48:21","data/camera_data/Blaines wife/ADL IR/BWADLIRRFALL14","BWADLIRRFALL14"
"2024-08-02T12:49:18","2024-08-02T12:49:09","data/camera_data/Blaines wife/ADL IR/BWADLIRRFALL15","BWADLIRRFALL15"
"2024-08-02T12:50:09","2024-08-02T12:50:04","data/camera_data/Blaines wife/ADL IR/BWADLIRRFALL16","BWADLIRRFALL16"
"2024-08-02T12:50:54","2024-08-02T12:51:05","data/camera_data/Blaines wife/ADL IR/BWADLIRRFALL17","BWADLIRRFALL17"
"2024-08-02T12:52:51","2024-08-02T12:52:44","data/camera_data/Blaines wife/ADL IR/BWADLIRRFALL18","BWADLIRRFALL18"
"2024-08-02T12:53:43","2024-08-02T12:53:42","data/camera_data/Blaines wife/ADL IR/BWADLIRRFALL19","BWADLIRRFALL19"
"2024-08-02T12:54:26","2024-08-02T12:54:25","data/camera_data/Blaines wife/ADL IR/BWADLIRRFALL20","BWADLIRRFALL20"
"2024-08-02T12:55:04","2024-08-02T12:55:07","data/camera_data/Blaines wife/ADL IR/BWADLIRRFALL21","BWADLIRRFALL21"
"2024-08-02T13:02:39","2024-08-02T13:02:37","data/camera_data/Blaines wife/ADL IR/BWADLIRRFALL22","BWADLIRRFALL22"
"2024-08-02T13:03:23","2024-08-02T13:03:24","data/camera_data/Blaines wife/ADL IR/BWADLIRRFALL23","BWADLIRRFALL23"
"2024-08-02T13:04:14","2024-08-02T13:04:12","data/camera_data/Blaines wife/ADL IR/BWADLIRRFALL24","BWADLIRRFALL24"
"2024-08-02T13:05:17","2024-08-02T13:05:12","data/camera_data/Blaines wife/ADL IR/BWADLIRRFALL25","BWADLIRRFALL25"
"2024-08-02T13:06:46","2024-08-02T13:06:49","data/camera_data/Blaines wife/ADL IR/BWADLIRRFALL26","BWADLIRRFALL26"
"2024-08-02T13:07:55","2024-08-02T13:07:59","data/camera_data/Blaines wife/ADL IR/BWADLIRRFALL27","BWADLIRRFALL27"
"2024-08-02T13:09:35","2024-08-02T13:09:30","data/camera_data/Blaines wife/ADL IR/BWADLIRRFALL28","BWADLIRRFALL28"
"2024-08-02T13:10:33","2024-08-02T13:10:32","data/camera_data/Blaines wife/ADL IR/BWADLIRRFALL29","BWADLIRRFALL29"
"2024-08-02T13:11:21","2024-08-02T13:11:16","data/camera_data/Blaines wife/ADL IR/BWADLIRRFALL30","BWADLIRRFALL30"
"2024-08-02T13:12:12","2024-08-02T13:12:11","data/camera_data/Blaines wife/ADL IR/BWADLIRRFALL31","BWADLIRRFALL31"
"2024-08-02T13:13:21","2024-08-02T13:13:14","data/camera_data/Blaines wife/ADL IR/BWADLIRRFALL32","BWADLIRRFALL32"
"2024-08-02T13:14:07","2024-08-02T13:14:10","data/camera_data/Blaines wife/ADL IR/BWADLIRRFALL33","BWADLIRRFALL33"
"2024-08-02T13:15:21","2024-08-02T13:14:56","data/camera_data/Blaines wife/ADL IR/BWADLIRRFALL34","BWADLIRRFALL34"
"2024-08-02T13:16:13","2024-08-02T13:16:22","data/camera_data/Blaines wife/ADL IR/BWADLIRRFALL35","BWADLIRRFALL35"
"2024-08-02T13:17:13","2024-08-02T13:17:17","data/camera_data/Blaines wife/ADL IR/BWADLIRRFALL36","BWADLIRRFALL36"
"2024-08-02T13:18:51","2024-08-02T13:19:01","data/camera_data/Blaines wife/ADL IR/BWADLIRRFALL37","BWADLIRRFALL37"
"2024-08-02T13:20:02","2024-08-02T13:20:00","data/camera_data/Blaines wife/ADL IR/BWADLIRRFALL38","BWADLIRRFALL38"
"2024-08-02T13:21:05","2024-08-02T13:21:07","data/camera_data/Blaines wife/ADL IR/BWADLIRRFALL39","BWADLIRRFALL39"
"2024-08-02T13:22:20","2024-08-02T13:22:14","data/camera_data/Blaines wife/ADL IR/BWADLIRRFALL40","BWADLIRRFALL40"
"2024-08-02T13:23:45","2024-08-02T13:23:43","data/camera_data/Blaines wife/ADL IR/BWADLIRRFALL41","BWADLIRRFALL41"
"2024-08-02T13:24:43","2024-08-02T13:24:44","data/camera_data/Blaines wife/ADL IR/BWADLIRRFALL42","BWADLIRRFALL42"
"2024-08-02T13:26:15","2024-08-02T13:26:09","data/camera_data/Blaines wife/ADL IR/BWADLIRRFALL43","BWADLIRRFALL43"
"2024-08-02T13:27:57","2024-08-02T13:28:02","data/camera_data/Blaines wife/ADL IR/BWADLIRRFALL44","BWADLIRRFALL44"
"2024-08-02T13:28:52","2024-08-02T13:28:48","data/camera_data/Blaines wife/ADL IR/BWADLIRRFALL45","BWADLIRRFALL45"
"2024-08-02T13:29:39","2024-08-02T13:29:32","data/camera_data/Blaines wife/ADL IR/BWADLIRRFALL46","BWADLIRRFALL46"
"2024-08-02T13:30:22","2024-08-02T13:30:19","data/camera_data/Blaines wife/ADL IR/BWADLIRRFALL47","BWADLIRRFALL47"
"2024-08-02T13:31:13","2024-08-02T13:31:17","data/camera_data/Blaines wife/ADL IR/BWADLIRRFALL48","BWADLIRRFALL48"
"2024-08-02T13:32:16","2024-08-02T13:32:13","data/camera_data/Blaines wife/ADL IR/BWADLIRRFALL49","BWADLIRRFALL49"
"2024-08-02T13:33:02","2024-08-02T13:33:03","data/camera_data/Blaines wife/ADL IR/BWADLIRRFALL50","BWADLIRRFALL50"
"2024-08-02T13:33:57","2024-08-02T13:33:55","data/camera_data/Blaines wife/ADL IR/BWADLIRRFALL51","BWADLIRRFALL51"
"2024-08-02T13:35:09","2024-08-02T13:35:10","data/camera_data/Blaines wife/ADL IR/BWADLIRRFALL52","BWADLIRRFALL52"
"2024-08-02T13:35:55","2024-08-02T13:35:52","data/camera_data/Blaines wife/ADL IR/BWADLIRRFALL53","BWADLIRRFALL53"
"2024-08-02T13:36:48","2024-08-02T13:36:51","data/camera_data/Blaines wife/ADL IR/BWADLIRRFALL54","BWADLIRRFALL54"
"2024-08-02T13:37:46","2024-08-02T13:37:45","data/camera_data/Blaines wife/ADL IR/BWADLIRRFALL55","BWADLIRRFALL55"
"2024-08-02T13:39:13","2024-08-02T13:39:18","data/camera_data/Blaines wife/ADL IR/BWADLIRRFALL56","BWADLIRRFALL56"
"2024-08-02T13:40:23","2024-08-02T13:40:30","data/camera_data/Blaines wife/ADL IR/BWADLIRRFALL57","BWADLIRRFALL57"
"2024-08-02T13:41:35","2024-08-02T13:41:39","data/camera_data/Blaines wife/ADL IR/BWADLIRRFALL58","BWADLIRRFALL58"
"2024-08-02T13:42:26","2024-08-02T13:42:26","data/camera_data/Blaines wife/ADL IR/BWADLIRRFALL59","BWADLIRRFALL59"
"2024-08-02T13:44:06","2024-08-02T13:43:54","data/camera_data/Blaines wife/ADL IR/BWADLIRRFALL70","BWADLIRRFALL70"
"2024-08-02T13:45:04","2024-08-02T13:45:14","data/camera_data/Blaines wife/ADL IR/BWADLIRRFALL71","BWADLIRRFALL71"
"2024-08-02T13:46:13","2024-08-02T13:46:05","data/camera_data/Blaines wife/ADL IR/BWADLIRRFALL72","BWADLIRRFALL72"
"2024-08-02T13:47:40","2024-08-02T13:47:38","data/camera_data/Blaines wife/ADL IR/BWADLIRRFALL73","BWADLIRRFALL73"
