"2024-06-11T09:53:05","2024-06-11T09:53:27","data/mat_data/Marion/ADL/Dataset MB1 11_06 PMADL/1","1"
"2024-06-11T09:55:31","2024-06-11T09:55:59","data/mat_data/Marion/ADL/Dataset MB1 11_06 PMADL/2","2"
"2024-06-11T09:56:58","2024-06-11T09:57:20","data/mat_data/Marion/ADL/Dataset MB1 11_06 PMADL/3","3"
"2024-06-11T09:59:36","2024-06-11T10:00:04","data/mat_data/Marion/ADL/Dataset MB1 11_06 PMADL/4","4"
"2024-06-11T10:04:31","2024-06-11T10:04:52","data/mat_data/Marion/ADL/Dataset MB1 11_06 PMADL/7","7"
"2024-06-11T10:05:42","2024-06-11T10:06:22","data/mat_data/Marion/ADL/Dataset MB1 11_06 PMADL/8","8"
"2024-06-11T10:07:15","2024-06-11T10:07:35","data/mat_data/Marion/ADL/Dataset MB1 11_06 PMADL/9","9"
"2024-06-11T10:08:25","2024-06-11T10:09:00","data/mat_data/Marion/ADL/Dataset MB1 11_06 PMADL/10","10"
"2024-06-11T10:09:52","2024-06-11T10:10:11","data/mat_data/Marion/ADL/Dataset MB1 11_06 PMADL/11","11"
"2024-06-11T10:11:16","2024-06-11T10:11:34","data/mat_data/Marion/ADL/Dataset MB1 11_06 PMADL/12","12"
"2024-06-11T10:12:39","2024-06-11T10:13:14","data/mat_data/Marion/ADL/Dataset MB1 11_06 PMADL/13","13"
"2024-06-11T10:14:50","2024-06-11T10:15:17","data/mat_data/Marion/ADL/Dataset MB1 11_06 PMADL/14","14"
"2024-06-11T10:16:35","2024-06-11T10:16:54","data/mat_data/Marion/ADL/Dataset MB1 11_06 PMADL/15","15"
"2024-06-11T10:21:05","2024-06-11T10:21:28","data/mat_data/Marion/ADL/Dataset MB1 11_06 PMADL/17","17"
"2024-06-11T10:25:30","2024-06-11T10:25:46","data/mat_data/Marion/ADL/Dataset MB1 11_06 PMADL/18","18"
"2024-06-11T10:30:22","2024-06-11T10:30:37","data/mat_data/Marion/ADL/Dataset MB1 11_06 PMADL/19","19"
"2024-06-11T10:31:37","2024-06-11T10:31:57","data/mat_data/Marion/ADL/Dataset MB1 11_06 PMADL/20","20"
"2024-06-11T10:32:51","2024-06-11T10:33:12","data/mat_data/Marion/ADL/Dataset MB1 11_06 PMADL/21","21"
"2024-06-11T10:35:29","2024-06-11T10:35:52","data/mat_data/Marion/ADL/Dataset MB1 11_06 PMADL/22","22"
"2024-06-11T10:36:47","2024-06-11T10:37:06","data/mat_data/Marion/ADL/Dataset MB1 11_06 PMADL/23","23"
"2024-06-11T10:38:26","2024-06-11T10:38:43","data/mat_data/Marion/ADL/Dataset MB1 11_06 PMADL/24","24"
"2024-06-11T10:41:19","2024-06-11T10:41:49","data/mat_data/Marion/ADL/Dataset MB1 11_06 PMADL/25","25"
"2024-06-11T10:42:44","2024-06-11T10:43:04","data/mat_data/Marion/ADL/Dataset MB1 11_06 PMADL/26","26"
"2024-06-11T10:44:06","2024-06-11T10:44:23","data/mat_data/Marion/ADL/Dataset MB1 11_06 PMADL/27","27"
"2024-06-11T10:45:18","2024-06-11T10:45:43","data/mat_data/Marion/ADL/Dataset MB1 11_06 PMADL/28","28"
"2024-06-11T10:47:18","2024-06-11T10:47:36","data/mat_data/Marion/ADL/Dataset MB1 11_06 PMADL/29","29"
"2024-06-11T10:48:24","2024-06-11T10:48:35","data/mat_data/Marion/ADL/Dataset MB1 11_06 PMADL/30","30"
"2024-06-11T10:56:42","2024-06-11T10:57:00","data/mat_data/Marion/ADL/Dataset MB1 11_06 PMADL/31","31"
"2024-06-11T10:58:23","2024-06-11T10:58:38","data/mat_data/Marion/ADL/Dataset MB1 11_06 PMADL/32","32"
"2024-06-11T10:59:16","2024-06-11T10:59:28","data/mat_data/Marion/ADL/Dataset MB1 11_06 PMADL/33","33"
"2024-06-11T11:02:30","2024-06-11T11:02:52","data/mat_data/Marion/ADL/Dataset MB1 11_06 PMADL/34","34"
"2024-06-11T11:03:39","2024-06-11T11:03:56","data/mat_data/Marion/ADL/Dataset MB1 11_06 PMADL/35","35"
"2024-06-11T11:04:44","2024-06-11T11:04:59","data/mat_data/Marion/ADL/Dataset MB1 11_06 PMADL/36","36"
"2024-06-11T11:05:55","2024-06-11T11:06:16","data/mat_data/Marion/ADL/Dataset MB1 11_06 PMADL/37","37"
"2024-06-11T11:06:56","2024-06-11T11:07:15","data/mat_data/Marion/ADL/Dataset MB1 11_06 PMADL/38","38"
"2024-06-11T11:08:03","2024-06-11T11:09:02","data/mat_data/Marion/ADL/Dataset MB1 11_06 PMADL/39","39"
"2024-06-11T11:10:38","2024-06-11T11:11:06","data/mat_data/Marion/ADL/Dataset MB1 11_06 PMADL/40","40"
"2024-06-11T11:11:47","2024-06-11T11:12:08","data/mat_data/Marion/ADL/Dataset MB1 11_06 PMADL/41","41"
"2024-06-11T11:14:32","2024-06-11T11:14:48","data/mat_data/Marion/ADL/Dataset MB1 11_06 PMADL/42","42"
"2024-06-11T11:17:13","2024-06-11T11:17:32","data/mat_data/Marion/ADL/Dataset MB1 11_06 PMADL/43","43"
"2024-06-11T11:26:44","2024-06-11T11:27:05","data/mat_data/Marion/ADL/Dataset MB1 11_06 PMADL/44","44"
"2024-06-11T11:27:52","2024-06-11T11:28:06","data/mat_data/Marion/ADL/Dataset MB1 11_06 PMADL/45","45"
"2024-06-11T11:28:50","2024-06-11T11:29:05","data/mat_data/Marion/ADL/Dataset MB1 11_06 PMADL/46","46"
"2024-06-11T11:29:58","2024-06-11T11:30:10","data/mat_data/Marion/ADL/Dataset MB1 11_06 PMADL/47","47"
"2024-06-11T11:32:53","2024-06-11T11:33:06","data/mat_data/Marion/ADL/Dataset MB1 11_06 PMADL/48","48"
"2024-06-11T11:35:03","2024-06-11T11:35:16","data/mat_data/Marion/ADL/Dataset MB1 11_06 PMADL/49","49"
"2024-06-11T11:36:09","2024-06-11T11:36:27","data/mat_data/Marion/ADL/Dataset MB1 11_06 PMADL/50","50"
"2024-06-11T11:37:20","2024-06-11T11:37:34","data/mat_data/Marion/ADL/Dataset MB1 11_06 PMADL/51","51"
"2024-06-11T11:39:27","2024-06-11T11:39:45","data/mat_data/Marion/ADL/Dataset MB1 11_06 PMADL/52","52"
"2024-06-11T11:40:42","2024-06-11T11:40:57","data/mat_data/Marion/ADL/Dataset MB1 11_06 PMADL/53","53"
"2024-06-11T11:42:11","2024-06-11T11:42:27","data/mat_data/Marion/ADL/Dataset MB1 11_06 PMADL/54","54"
"2024-06-11T11:43:28","2024-06-11T11:43:45","data/mat_data/Marion/ADL/Dataset MB1 11_06 PMADL/55","55"
"2024-06-11T11:45:13","2024-06-11T11:45:38","data/mat_data/Marion/ADL/Dataset MB1 11_06 PMADL/56","56"
"2024-06-11T11:46:28","2024-06-11T11:46:53","data/mat_data/Marion/ADL/Dataset MB1 11_06 PMADL/57","57"
"2024-06-11T11:47:45","2024-06-11T11:48:03","data/mat_data/Marion/ADL/Dataset MB1 11_06 PMADL/58","58"
"2024-06-11T11:49:44","2024-06-11T11:49:56","data/mat_data/Marion/ADL/Dataset MB1 11_06 PMADL/60","60"
"2024-06-11T11:50:42","2024-06-11T11:50:50","data/mat_data/Marion/ADL/Dataset MB1 11_06 PMADL/61","61"
"2024-06-11T11:51:46","2024-06-11T11:51:57","data/mat_data/Marion/ADL/Dataset MB1 11_06 PMADL/62","62"
"2024-06-11T11:54:30","2024-06-11T11:54:39","data/mat_data/Marion/ADL/Dataset MB1 11_06 PMADL/63","63"
"2024-06-12T10:37:12","2024-06-12T10:37:29","data/mat_data/Marion/ADL/Dataset MB1 11_06 PMADL/64","64"
"2024-06-12T10:39:24","2024-06-12T10:39:33","data/mat_data/Marion/ADL/Dataset MB1 11_06 PMADL/65","65"
"2024-06-12T10:43:10","2024-06-12T10:43:20","data/mat_data/Marion/ADL/Dataset MB1 11_06 PMADL/66","66"
"2024-06-12T10:44:24","2024-06-12T10:44:44","data/mat_data/Marion/ADL/Dataset MB1 11_06 PMADL/67","67"
"2024-06-12T10:45:29","2024-06-12T10:45:45","data/mat_data/Marion/ADL/Dataset MB1 11_06 PMADL/68","68"
"2024-06-12T10:48:25","2024-06-12T10:49:12","data/mat_data/Marion/ADL/Dataset MB1 11_06 PMADL/82","82"
"2024-06-12T10:50:11","2024-06-12T10:50:46","data/mat_data/Marion/ADL/Dataset MB1 11_06 PMADL/83","83"
"2024-06-12T10:51:45","2024-06-12T10:52:30","data/mat_data/Marion/ADL/Dataset MB1 11_06 PMADL/84","84"
"2024-06-12T10:53:26","2024-06-12T10:53:57","data/mat_data/Marion/ADL/Dataset MB1 11_06 PMADL/85","85"
"2024-06-12T10:54:42","2024-06-12T10:55:00","data/mat_data/Marion/ADL/Dataset MB1 11_06 PMADL/86","86"
"2024-06-12T10:55:49","2024-06-12T10:56:02","data/mat_data/Marion/ADL/Dataset MB1 11_06 PMADL/87","87"
"2024-06-12T10:59:04","2024-06-12T10:59:26","data/mat_data/Marion/ADL/Dataset MB1 11_06 PMADL/88","88"
"2024-06-12T11:01:01","2024-06-12T11:01:35","data/mat_data/Marion/ADL/Dataset MB1 11_06 PMADL/89","89"
"2024-06-12T11:02:28","2024-06-12T11:02:50","data/mat_data/Marion/ADL/Dataset MB1 11_06 PMADL/90","90"
"2024-06-12T11:04:39","2024-06-12T11:05:02","data/mat_data/Marion/ADL/Dataset MB1 11_06 PMADL/91","91"
"2024-06-12T11:06:18","2024-06-12T11:06:44","data/mat_data/Marion/ADL/Dataset MB1 11_06 PMADL/92","92"
"2024-06-12T13:21:31","2024-06-12T13:21:43","data/mat_data/Marion/ADL/Dataset MB1 11_06 PMADL/6","6"
"2024-06-12T13:22:43","2024-06-12T13:23:02","data/mat_data/Marion/ADL/Dataset MB1 11_06 PMADL/16","16"
"2024-06-12T13:43:00","2024-06-12T13:43:06","data/mat_data/Marion/Falls/Dataset MB1_06 PMF/1","1"
"2024-06-12T13:44:38","2024-06-12T13:45:03","data/mat_data/Marion/Falls/Dataset MB1_06 PMF/2","2"
"2024-06-12T13:45:50","2024-06-12T13:46:01","data/mat_data/Marion/Falls/Dataset MB1_06 PMF/3","3"
"2024-06-12T13:46:48","2024-06-12T13:46:54","data/mat_data/Marion/Falls/Dataset MB1_06 PMF/4","4"
"2024-06-12T13:47:39","2024-06-12T13:47:45","data/mat_data/Marion/Falls/Dataset MB1_06 PMF/5","5"
"2024-06-12T13:48:33","2024-06-12T13:48:39","data/mat_data/Marion/Falls/Dataset MB1_06 PMF/6","6"
"2024-06-12T13:49:21","2024-06-12T13:49:27","data/mat_data/Marion/Falls/Dataset MB1_06 PMF/7","7"
"2024-06-12T13:50:09","2024-06-12T13:50:15","data/mat_data/Marion/Falls/Dataset MB1_06 PMF/8","8"
"2024-06-12T13:51:20","2024-06-12T13:51:26","data/mat_data/Marion/Falls/Dataset MB1_06 PMF/9","9"
"2024-06-12T13:52:05","2024-06-12T13:52:12","data/mat_data/Marion/Falls/Dataset MB1_06 PMF/10","10"
"2024-06-12T13:55:57","2024-06-12T13:56:03","data/mat_data/Marion/Falls/Dataset MB1_06 PMF/11","11"
"2024-06-12T13:56:44","2024-06-12T13:56:51","data/mat_data/Marion/Falls/Dataset MB1_06 PMF/12","12"
"2024-06-12T14:11:07","2024-06-12T14:11:13","data/mat_data/Marion/Falls/Dataset MB1_06 PMF/13","13"
"2024-06-12T14:11:59","2024-06-12T14:12:07","data/mat_data/Marion/Falls/Dataset MB1_06 PMF/14","14"
"2024-06-12T14:14:23","2024-06-12T14:14:38","data/mat_data/Marion/Falls/Dataset MB1_06 PMF/15","15"
"2024-06-12T14:15:19","2024-06-12T14:15:26","data/mat_data/Marion/Falls/Dataset MB1_06 PMF/16","16"
"2024-06-12T14:16:05","2024-06-12T14:16:13","data/mat_data/Marion/Falls/Dataset MB1_06 PMF/17","17"
"2024-06-12T14:16:53","2024-06-12T14:17:01","data/mat_data/Marion/Falls/Dataset MB1_06 PMF/18","18"
"2024-06-12T14:17:40","2024-06-12T14:17:47","data/mat_data/Marion/Falls/Dataset MB1_06 PMF/19","19"
"2024-06-12T14:18:31","2024-06-12T14:18:38","data/mat_data/Marion/Falls/Dataset MB1_06 PMF/20","20"
"2024-06-12T14:19:16","2024-06-12T14:19:23","data/mat_data/Marion/Falls/Dataset MB1_06 PMF/21","21"
"2024-06-12T14:20:02","2024-06-12T14:20:10","data/mat_data/Marion/Falls/Dataset MB1_06 PMF/22","22"
"2024-06-12T14:20:53","2024-06-12T14:20:59","data/mat_data/Marion/Falls/Dataset MB1_06 PMF/23","23"
"2024-06-12T14:21:45","2024-06-12T14:21:52","data/mat_data/Marion/Falls/Dataset MB1_06 PMF/24","24"
"2024-06-12T14:22:37","2024-06-12T14:22:44","data/mat_data/Marion/Falls/Dataset MB1_06 PMF/25","25"
"2024-06-12T14:23:31","2024-06-12T14:23:38","data/mat_data/Marion/Falls/Dataset MB1_06 PMF/26","26"
"2024-06-12T14:24:37","2024-06-12T14:24:44","data/mat_data/Marion/Falls/Dataset MB1_06 PMF/27","27"
"2024-06-12T14:25:29","2024-06-12T14:25:36","data/mat_data/Marion/Falls/Dataset MB1_06 PMF/28","28"
"2024-06-12T14:26:23","2024-06-12T14:26:31","data/mat_data/Marion/Falls/Dataset MB1_06 PMF/29","29"
"2024-06-12T14:27:21","2024-06-12T14:27:27","data/mat_data/Marion/Falls/Dataset MB1_06 PMF/30","30"
"2024-06-12T14:28:11","2024-06-12T14:28:17","data/mat_data/Marion/Falls/Dataset MB1_06 PMF/31","31"
"2024-06-12T14:29:15","2024-06-12T14:29:20","data/mat_data/Marion/Falls/Dataset MB1_06 PMF/32","32"
"2024-06-12T14:30:09","2024-06-12T14:30:15","data/mat_data/Marion/Falls/Dataset MB1_06 PMF/33","33"
"2024-06-12T14:31:44","2024-06-12T14:31:50","data/mat_data/Marion/Falls/Dataset MB1_06 PMF/34","34"
"2024-06-12T14:34:18","2024-06-12T14:34:29","data/mat_data/Marion/Falls/Dataset MB1_06 PMF/35","35"
"2024-06-12T14:35:45","2024-06-12T14:35:51","data/mat_data/Marion/Falls/Dataset MB1_06 PMF/36","36"
"2024-07-09T10:16:14","2024-07-09T10:23:18","data/mat_data/Pablo/Falls PM/PDRPMF01","PDRPMF01"
"2024-07-09T10:28:55","2024-07-09T10:29:11","data/mat_data/Pablo/Falls PM/PDRPMF02","PDRPMF02"
"2024-07-09T10:35:42","2024-07-09T10:36:01","data/mat_data/Pablo/Falls PM/PDRPMF03","PDRPMF03"
"2024-07-09T10:36:41","2024-07-09T10:36:47","data/mat_data/Pablo/Falls PM/PDRPMF04","PDRPMF04"
"2024-07-09T10:37:37","2024-07-09T10:37:43","data/mat_data/Pablo/Falls PM/PDRPMF05","PDRPMF05"
"2024-07-09T10:38:29","2024-07-09T10:38:35","data/mat_data/Pablo/Falls PM/PDRPMF06","PDRPMF06"
"2024-07-09T10:39:32","2024-07-09T10:39:37","data/mat_data/Pablo/Falls PM/PDRPMF07","PDRPMF07"
"2024-07-09T10:40:24","2024-07-09T10:40:36","data/mat_data/Pablo/Falls PM/PDRPMF08","PDRPMF08"
"2024-07-09T10:42:01","2024-07-09T10:42:07","data/mat_data/Pablo/Falls PM/PDRPMF09","PDRPMF09"
"2024-07-09T10:43:45","2024-07-09T10:43:52","data/mat_data/Pablo/Falls PM/PDRPMF10","PDRPMF10"
"2024-07-09T10:44:56","2024-07-09T10:45:03","data/mat_data/Pablo/Falls PM/PDRPMF11","PDRPMF11"
"2024-07-09T10:45:55","2024-07-09T10:46:01","data/mat_data/Pablo/Falls PM/PDRPMF12","PDRPMF12"
"2024-07-09T10:46:52","2024-07-09T10:46:58","data/mat_data/Pablo/Falls PM/PDRPMF13","PDRPMF13"
"2024-07-09T10:47:42","2024-07-09T10:47:53","data/mat_data/Pablo/Falls PM/PDRPMF14","PDRPMF14"
"2024-07-09T10:48:43","2024-07-09T10:48:55","data/mat_data/Pablo/Falls PM/PDRPMF15","PDRPMF15"
"2024-07-09T10:49:44","2024-07-09T10:49:59","data/mat_data/Pablo/Falls PM/PDRPMF16","PDRPMF16"
"2024-07-09T10:50:45","2024-07-09T10:50:57","data/mat_data/Pablo/Falls PM/PDRPMF17","PDRPMF17"
"2024-07-09T10:51:47","2024-07-09T10:51:53","data/mat_data/Pablo/Falls PM/PDRPMF18","PDRPMF18"
"2024-07-09T10:53:06","2024-07-09T10:53:20","data/mat_data/Pablo/Falls PM/PDRPMF22","PDRPMF22"
"2024-07-09T10:54:02","2024-07-09T10:54:14","data/mat_data/Pablo/Falls PM/PDRPMF23","PDRPMF23"
"2024-07-09T10:54:51","2024-07-09T10:55:00","data/mat_data/Pablo/Falls PM/PDRPMF24","PDRPMF24"
"2024-07-09T11:05:30","2024-07-09T11:05:45","data/mat_data/Pablo/Falls PM/PDRPMF19","PDRPMF19"
"2024-07-09T11:06:22","2024-07-09T11:06:27","data/mat_data/Pablo/Falls PM/PDRPMF20","PDRPMF20"
"2024-07-09T11:07:03","2024-07-09T11:07:15","data/mat_data/Pablo/Falls PM/PDRPMF21","PDRPMF21"
"2024-07-09T11:08:00","2024-07-09T11:08:06","data/mat_data/Pablo/Falls PM/PDRPMF25","PDRPMF25"
"2024-07-09T11:08:58","2024-07-09T11:09:04","data/mat_data/Pablo/Falls PM/PDRPMF26","PDRPMF26"
"2024-07-09T11:09:44","2024-07-09T11:09:54","data/mat_data/Pablo/Falls PM/PDRPMF27","PDRPMF27"
"2024-07-09T11:10:37","2024-07-09T11:10:43","data/mat_data/Pablo/Falls PM/PDRPMF28","PDRPMF28"
"2024-07-09T11:11:26","2024-07-09T11:11:37","data/mat_data/Pablo/Falls PM/PDRPMF29","PDRPMF29"
"2024-07-09T11:12:19","2024-07-09T11:12:26","data/mat_data/Pablo/Falls PM/PDRPMF30","PDRPMF30"
"2024-07-09T11:13:13","2024-07-09T11:13:19","data/mat_data/Pablo/Falls PM/PDRPMF31","PDRPMF31"
"2024-07-09T11:14:02","2024-07-09T11:14:09","data/mat_data/Pablo/Falls PM/PDRPMF32","PDRPMF32"
"2024-07-09T11:15:23","2024-07-09T11:15:29","data/mat_data/Pablo/Falls PM/PDRPMF33","PDRPMF33"
"2024-07-09T11:16:18","2024-07-09T11:16:24","data/mat_data/Pablo/Falls PM/PDRPMF34","PDRPMF34"
"2024-07-09T11:17:04","2024-07-09T11:17:10","data/mat_data/Pablo/Falls PM/PDRPMF35","PDRPMF35"
"2024-07-09T11:17:53","2024-07-09T11:18:01","data/mat_data/Pablo/Falls PM/PDRPMF36","PDRPMF36"
"2024-07-09T11:20:07","2024-07-09T11:20:46","data/mat_data/Pablo/ADL PM/PDRPMADL01","PDRPMADL01"
"2024-07-09T11:21:57","2024-07-09T11:22:14","data/mat_data/Pablo/ADL PM/PDRPMADL02","PDRPMADL02"
"2024-07-09T11:27:32","2024-07-09T11:27:54","data/mat_data/Pablo/ADL PM/PDRPMADL04","PDRPMADL04"
"2024-07-09T11:28:36","2024-07-09T11:28:53","data/mat_data/Pablo/ADL PM/PDRPMADL05","PDRPMADL05"
"2024-07-09T11:29:55","2024-07-09T11:30:07","data/mat_data/Pablo/ADL PM/PDRPMADL06","PDRPMADL06"
"2024-07-09T11:30:47","2024-07-09T11:31:17","data/mat_data/Pablo/ADL PM/PDRPMADL07","PDRPMADL07"
"2024-07-09T11:38:00","2024-07-09T11:38:22","data/mat_data/Pablo/ADL PM/PDRPMADL08","PDRPMADL08"
"2024-07-09T11:39:39","2024-07-09T11:39:46","data/mat_data/Pablo/ADL PM/PDRPMADL09","PDRPMADL09"
"2024-07-09T11:41:04","2024-07-09T11:41:23","data/mat_data/Pablo/ADL PM/PDRPMADL10","PDRPMADL10"
"2024-07-09T11:41:58","2024-07-09T11:42:10","data/mat_data/Pablo/ADL PM/PDRPMADL11","PDRPMADL11"
"2024-07-09T11:43:44","2024-07-09T11:43:57","data/mat_data/Pablo/ADL PM/PDRPMADL12","PDRPMADL12"
"2024-07-09T11:44:35","2024-07-09T11:44:47","data/mat_data/Pablo/ADL PM/PDRPMADL13","PDRPMADL13"
"2024-07-09T11:48:18","2024-07-09T11:48:30","data/mat_data/Pablo/ADL PM/PDRPMADL14","PDRPMADL14"
"2024-07-09T11:49:08","2024-07-09T11:49:25","data/mat_data/Pablo/ADL PM/PDRPMADL15","PDRPMADL15"
"2024-07-09T11:50:03","2024-07-09T11:50:12","data/mat_data/Pablo/ADL PM/PDRPMADL16","PDRPMADL16"
"2024-07-09T11:51:04","2024-07-09T11:51:19","data/mat_data/Pablo/ADL PM/PDRPMADL17","PDRPMADL17"
"2024-07-09T11:52:10","2024-07-09T11:52:15","data/mat_data/Pablo/ADL PM/PDRPMADL18","PDRPMADL18"
"2024-07-09T11:54:00","2024-07-09T11:54:14","data/mat_data/Pablo/ADL PM/PDRPMADL19","PDRPMADL19"
"2024-07-09T11:55:16","2024-07-09T11:55:29","data/mat_data/Pablo/ADL PM/PDRPMADL20","PDRPMADL20"
"2024-07-09T11:56:10","2024-07-09T11:56:19","data/mat_data/Pablo/ADL PM/PDRPMADL21","PDRPMADL21"
"2024-07-09T11:57:04","2024-07-09T11:57:14","data/mat_data/Pablo/ADL PM/PDRPMADL22","PDRPMADL22"
"2024-07-09T11:59:34","2024-07-09T11:59:45","data/mat_data/Pablo/ADL PM/PDRPMADL23","PDRPMADL23"
"2024-07-09T12:00:47","2024-07-09T12:00:55","data/mat_data/Pablo/ADL PM/PDRPMADL24","PDRPMADL24"
"2024-07-09T12:02:52","2024-07-09T12:03:06","data/mat_data/Pablo/ADL PM/PDRPMADL26","PDRPMADL26"
"2024-07-09T12:03:46","2024-07-09T12:03:55","data/mat_data/Pablo/ADL PM/PDRPMADL27","PDRPMADL27"
"2024-07-09T12:04:45","2024-07-09T12:05:08","data/mat_data/Pablo/ADL PM/PDRPMADL28","PDRPMADL28"
"2024-07-09T12:05:53","2024-07-09T12:06:10","data/mat_data/Pablo/ADL PM/PDRPMADL29","PDRPMADL29"
"2024-07-09T12:07:46","2024-07-09T12:07:56","data/mat_data/Pablo/ADL PM/PDRPMADL30","PDRPMADL30"
"2024-07-09T12:08:57","2024-07-09T12:09:13","data/mat_data/Pablo/ADL PM/PDRPMADL31","PDRPMADL31"
"2024-07-09T12:09:52","2024-07-09T12:10:02","data/mat_data/Pablo/ADL PM/PDRPMADL32","PDRPMADL32"
"2024-07-09T12:11:03","2024-07-09T12:11:10","data/mat_data/Pablo/ADL PM/PDRPMADL33","PDRPMADL33"
"2024-07-09T12:12:04","2024-07-09T12:12:20","data/mat_data/Pablo/ADL PM/PDRPMADL34","PDRPMADL34"
"2024-07-09T12:17:06","2024-07-09T12:17:23","data/mat_data/Pablo/ADL PM/PDRPMADL35","PDRPMADL35"
"2024-07-09T12:18:01","2024-07-09T12:18:10","data/mat_data/Pablo/ADL PM/PDRPMADL36","PDRPMADL36"
"2024-07-09T12:18:53","2024-07-09T12:19:12","data/mat_data/Pablo/ADL PM/PDRPMADL37","PDRPMADL37"
"2024-07-09T12:19:57","2024-07-09T12:20:11","data/mat_data/Pablo/ADL PM/PDRPMADL38","PDRPMADL38"
"2024-07-09T12:20:53","2024-07-09T12:21:03","data/mat_data/Pablo/ADL PM/PDRPMADL39","PDRPMADL39"
"2024-07-09T12:22:25","2024-07-09T12:22:43","data/mat_data/Pablo/ADL PM/PDRPMADL40","PDRPMADL40"
"2024-07-09T12:23:19","2024-07-09T12:23:39","data/mat_data/Pablo/ADL PM/PDRPMADL41","PDRPMADL41"
"2024-07-09T12:24:20","2024-07-09T12:24:35","data/mat_data/Pablo/ADL PM/PDRPMADL42","PDRPMADL42"
"2024-07-09T12:25:24","2024-07-09T12:25:45","data/mat_data/Pablo/ADL PM/PDRPMADL43","PDRPMADL43"
"2024-07-09T12:29:24","2024-07-09T12:29:35","data/mat_data/Pablo/ADL PM/PDRPMADL44","PDRPMADL44"
"2024-07-09T12:30:12","2024-07-09T12:30:43","data/mat_data/Pablo/ADL PM/PDRPMADL45","PDRPMADL45"
"2024-07-09T12:31:13","2024-07-09T12:31:33","data/mat_data/Pablo/ADL PM/PDRPMADL46","PDRPMADL46"
"2024-07-09T12:32:12","2024-07-09T12:32:22","data/mat_data/Pablo/ADL PM/PDRPMADL47","PDRPMADL47"
"2024-07-09T12:33:02","2024-07-09T12:33:21","data/mat_data/Pablo/ADL PM/PDRPMADL48","PDRPMADL48"
"2024-07-09T12:34:54","2024-07-09T12:35:30","data/mat_data/Pablo/ADL PM/PDRPMADL82","PDRPMADL82"
"2024-07-09T12:36:21","2024-07-09T12:36:42","data/mat_data/Pablo/ADL PM/PDRPMADL83","PDRPMADL83"
"2024-07-09T12:41:01","2024-07-09T12:41:23","data/mat_data/Pablo/ADL PM/PDRPMADL50","PDRPMADL50"
"2024-07-09T12:42:00","2024-07-09T12:42:10","data/mat_data/Pablo/ADL PM/PDRPMADL51","PDRPMADL51"
"2024-07-09T12:43:35","2024-07-09T12:43:49","data/mat_data/Pablo/ADL PM/PDRPMADL52","PDRPMADL52"
"2024-07-09T12:44:26","2024-07-09T12:44:40","data/mat_data/Pablo/ADL PM/PDRPMADL53","PDRPMADL53"
"2024-07-09T12:45:38","2024-07-09T12:45:52","data/mat_data/Pablo/ADL PM/PDRPMADL54","PDRPMADL54"
"2024-07-09T12:46:30","2024-07-09T12:46:45","data/mat_data/Pablo/ADL PM/PDRPMADL55","PDRPMADL55"
"2024-07-09T12:48:27","2024-07-09T12:48:50","data/mat_data/Pablo/ADL PM/PDRPMADL56","PDRPMADL56"
"2024-07-09T12:50:54","2024-07-09T12:51:18","data/mat_data/Pablo/ADL PM/PDRPMADL57","PDRPMADL57"
"2024-07-09T12:52:16","2024-07-09T12:52:28","data/mat_data/Pablo/ADL PM/PDRPMADL58","PDRPMADL58"
"2024-07-09T12:57:41","2024-07-09T12:58:03","data/mat_data/Pablo/ADL PM/PDRPMADL70","PDRPMADL70"
"2024-07-09T12:58:48","2024-07-09T12:59:05","data/mat_data/Pablo/ADL PM/PDRPMADL71","PDRPMADL71"
"2024-07-10T13:30:56","2024-07-10T13:31:30","data/mat_data/Clive/09_07 CADL Pressure mat/CADLPM83","CADLPM83"
"2024-07-10T13:35:48","2024-07-10T13:36:02","data/mat_data/Clive/09_07 CFalls Pressure mat/CFPM01","CFPM01"
"2024-07-10T13:36:45","2024-07-10T13:37:02","data/mat_data/Clive/09_07 CFalls Pressure mat/CFPM02","CFPM02"
"2024-07-10T13:37:47","2024-07-10T13:37:56","data/mat_data/Clive/09_07 CFalls Pressure mat/CFPM03","CFPM03"
"2024-07-10T13:38:34","2024-07-10T13:38:42","data/mat_data/Clive/09_07 CFalls Pressure mat/CFPM04","CFPM04"
"2024-07-10T13:39:19","2024-07-10T13:39:26","data/mat_data/Clive/09_07 CFalls Pressure mat/CFPM05","CFPM05"
"2024-07-10T13:40:03","2024-07-10T13:40:09","data/mat_data/Clive/09_07 CFalls Pressure mat/CFPM06","CFPM06"
"2024-07-10T13:40:46","2024-07-10T13:40:56","data/mat_data/Clive/09_07 CFalls Pressure mat/CFPM07","CFPM07"
"2024-07-10T13:41:34","2024-07-10T13:41:42","data/mat_data/Clive/09_07 CFalls Pressure mat/CFPM08","CFPM08"
"2024-07-10T13:42:22","2024-07-10T13:42:31","data/mat_data/Clive/09_07 CFalls Pressure mat/CFPM09","CFPM09"
"2024-07-10T13:43:07","2024-07-10T13:43:15","data/mat_data/Clive/09_07 CFalls Pressure mat/CFPM10","CFPM10"
"2024-07-10T13:43:55","2024-07-10T13:44:03","data/mat_data/Clive/09_07 CFalls Pressure mat/CFPM11","CFPM11"
"2024-07-10T13:44:41","2024-07-10T13:44:49","data/mat_data/Clive/09_07 CFalls Pressure mat/CFPM12","CFPM12"
"2024-07-10T13:45:30","2024-07-10T13:45:39","data/mat_data/Clive/09_07 CFalls Pressure mat/CFPM13","CFPM13"
"2024-07-10T13:46:22","2024-07-10T13:46:30","data/mat_data/Clive/09_07 CFalls Pressure mat/CFPM14","CFPM14"
"2024-07-10T13:47:17","2024-07-10T13:47:26","data/mat_data/Clive/09_07 CFalls Pressure mat/CFPM15","CFPM15"
"2024-07-10T13:48:24","2024-07-10T13:48:33","data/mat_data/Clive/09_07 CFalls Pressure mat/CFPM16","CFPM16"
"2024-07-10T13:49:07","2024-07-10T13:49:15","data/mat_data/Clive/09_07 CFalls Pressure mat/CFPM17","CFPM17"
"2024-07-10T13:49:53","2024-07-10T13:50:01","data/mat_data/Clive/09_07 CFalls Pressure mat/CFPM18","CFPM18"
"2024-07-10T13:50:39","2024-07-10T13:50:48","data/mat_data/Clive/09_07 CFalls Pressure mat/CFPM19","CFPM19"
"2024-07-10T13:51:22","2024-07-10T13:51:30","data/mat_data/Clive/09_07 CFalls Pressure mat/CFPM20","CFPM20"
"2024-07-10T13:52:08","2024-07-10T13:52:16","data/mat_data/Clive/09_07 CFalls Pressure mat/CFPM21","CFPM21"
"2024-07-10T13:52:56","2024-07-10T13:53:05","data/mat_data/Clive/09_07 CFalls Pressure mat/CFPM22","CFPM22"
"2024-07-10T13:53:42","2024-07-10T13:53:50","data/mat_data/Clive/09_07 CFalls Pressure mat/CFPM23","CFPM23"
"2024-07-10T13:54:24","2024-07-10T13:54:31","data/mat_data/Clive/09_07 CFalls Pressure mat/CFPM24","CFPM24"
"2024-07-10T13:55:17","2024-07-10T13:55:25","data/mat_data/Clive/09_07 CFalls Pressure mat/CFPM25","CFPM25"
"2024-07-10T13:55:59","2024-07-10T13:56:08","data/mat_data/Clive/09_07 CFalls Pressure mat/CFPM26","CFPM26"
"2024-07-10T13:56:47","2024-07-10T13:56:55","data/mat_data/Clive/09_07 CFalls Pressure mat/CFPM27","CFPM27"
"2024-07-10T13:57:35","2024-07-10T13:57:43","data/mat_data/Clive/09_07 CFalls Pressure mat/CFPM28","CFPM28"
"2024-07-10T14:01:42","2024-07-10T14:01:50","data/mat_data/Clive/09_07 CFalls Pressure mat/CFPM29","CFPM29"
"2024-07-10T14:02:44","2024-07-10T14:02:52","data/mat_data/Clive/09_07 CFalls Pressure mat/CFPM30","CFPM30"
"2024-07-10T14:03:27","2024-07-10T14:03:35","data/mat_data/Clive/09_07 CFalls Pressure mat/CFPM31","CFPM31"
"2024-07-10T14:04:17","2024-07-10T14:04:24","data/mat_data/Clive/09_07 CFalls Pressure mat/CFPM32","CFPM32"
"2024-07-10T14:05:04","2024-07-10T14:05:12","data/mat_data/Clive/09_07 CFalls Pressure mat/CFPM33","CFPM33"
"2024-07-10T14:05:47","2024-07-10T14:05:57","data/mat_data/Clive/09_07 CFalls Pressure mat/CFPM34","CFPM34"
"2024-07-10T14:06:40","2024-07-10T14:06:48","data/mat_data/Clive/09_07 CFalls Pressure mat/CFPM35","CFPM35"
"2024-07-10T14:07:27","2024-07-10T14:07:37","data/mat_data/Clive/09_07 CFalls Pressure mat/CFPM36","CFPM36"
"2024-07-10T14:24:31","2024-07-10T14:24:48","data/mat_data/Clive/09_07 CADL Pressure mat/CADLPM01","CADLPM01"
"2024-07-10T14:25:24","2024-07-10T14:25:38","data/mat_data/Clive/09_07 CADL Pressure mat/CADLPM02","CADLPM02"
"2024-07-10T14:26:06","2024-07-10T14:26:16","data/mat_data/Clive/09_07 CADL Pressure mat/CADLPM03","CADLPM03"
"2024-07-10T14:27:17","2024-07-10T14:27:28","data/mat_data/Clive/09_07 CADL Pressure mat/CADLPM04","CADLPM04"
"2024-07-10T14:27:59","2024-07-10T14:29:37","data/mat_data/Clive/09_07 CADL Pressure mat/CADLPM05","CADLPM05"
"2024-07-10T14:30:08","2024-07-10T14:30:16","data/mat_data/Clive/09_07 CADL Pressure mat/CADLPM06","CADLPM06"
"2024-07-10T14:31:52","2024-07-10T14:32:05","data/mat_data/Clive/09_07 CADL Pressure mat/CADLPM07","CADLPM07"
"2024-07-10T14:32:48","2024-07-10T14:32:59","data/mat_data/Clive/09_07 CADL Pressure mat/CADLPM08","CADLPM08"
"2024-07-10T14:33:29","2024-07-10T14:34:34","data/mat_data/Clive/09_07 CADL Pressure mat/CADLPM09","CADLPM09"
"2024-07-10T14:36:40","2024-07-10T14:36:53","data/mat_data/Clive/09_07 CADL Pressure mat/CADLPM10","CADLPM10"
"2024-07-10T14:37:26","2024-07-10T14:37:36","data/mat_data/Clive/09_07 CADL Pressure mat/CADLPM11","CADLPM11"
"2024-07-10T14:38:07","2024-07-10T14:38:15","data/mat_data/Clive/09_07 CADL Pressure mat/CADLPM12","CADLPM12"
"2024-07-10T14:39:01","2024-07-10T14:39:12","data/mat_data/Clive/09_07 CADL Pressure mat/CADLPM13","CADLPM13"
"2024-07-10T14:39:44","2024-07-10T14:39:57","data/mat_data/Clive/09_07 CADL Pressure mat/CADLPM14","CADLPM14"
"2024-07-10T14:42:29","2024-07-10T14:42:42","data/mat_data/Clive/09_07 CADL Pressure mat/CADLPM15","CADLPM15"
"2024-07-10T14:43:14","2024-07-10T14:43:24","data/mat_data/Clive/09_07 CADL Pressure mat/CADLPM16","CADLPM16"
"2024-07-10T14:43:55","2024-07-10T14:44:14","data/mat_data/Clive/09_07 CADL Pressure mat/CADLPM17","CADLPM17"
"2024-07-10T14:44:49","2024-07-10T14:44:59","data/mat_data/Clive/09_07 CADL Pressure mat/CADLPM18","CADLPM18"
"2024-07-10T14:45:31","2024-07-10T14:45:41","data/mat_data/Clive/09_07 CADL Pressure mat/CADLPM19","CADLPM19"
"2024-07-10T14:46:12","2024-07-10T14:46:26","data/mat_data/Clive/09_07 CADL Pressure mat/CADLPM20","CADLPM20"
"2024-07-10T14:47:02","2024-07-10T14:47:11","data/mat_data/Clive/09_07 CADL Pressure mat/CADLPM21","CADLPM21"
"2024-07-10T14:47:47","2024-07-10T14:47:56","data/mat_data/Clive/09_07 CADL Pressure mat/CADLPM22","CADLPM22"
"2024-07-10T14:48:47","2024-07-10T14:48:55","data/mat_data/Clive/09_07 CADL Pressure mat/CADLPM23","CADLPM23"
"2024-07-10T14:49:38","2024-07-10T14:49:47","data/mat_data/Clive/09_07 CADL Pressure mat/CADLPM24","CADLPM24"
"2024-07-10T14:50:32","2024-07-10T14:50:48","data/mat_data/Clive/09_07 CADL Pressure mat/CADLPM25","CADLPM25"
"2024-07-10T14:51:24","2024-07-10T14:51:36","data/mat_data/Clive/09_07 CADL Pressure mat/CADLPM26","CADLPM26"
"2024-07-10T14:52:14","2024-07-10T14:52:27","data/mat_data/Clive/09_07 CADL Pressure mat/CADLPM27","CADLPM27"
"2024-07-10T14:53:03","2024-07-10T14:53:16","data/mat_data/Clive/09_07 CADL Pressure mat/CADLPM28","CADLPM28"
"2024-07-10T14:53:57","2024-07-10T14:54:10","data/mat_data/Clive/09_07 CADL Pressure mat/CADLPM29","CADLPM29"
"2024-07-10T14:54:46","2024-07-10T14:54:59","data/mat_data/Clive/09_07 CADL Pressure mat/CADLPM30","CADLPM30"
"2024-07-10T14:55:35","2024-07-10T14:55:46","data/mat_data/Clive/09_07 CADL Pressure mat/CADLPM31","CADLPM31"
"2024-07-10T14:56:25","2024-07-10T14:56:35","data/mat_data/Clive/09_07 CADL Pressure mat/CADLPM32","CADLPM32"
"2024-07-10T14:57:19","2024-07-10T14:57:27","data/mat_data/Clive/09_07 CADL Pressure mat/CADLPM33","CADLPM33"
"2024-07-10T14:58:11","2024-07-10T14:58:24","data/mat_data/Clive/09_07 CADL Pressure mat/CADLPM34","CADLPM34"
"2024-07-10T14:59:06","2024-07-10T14:59:20","data/mat_data/Clive/09_07 CADL Pressure mat/CADLPM35","CADLPM35"
"2024-07-10T14:59:56","2024-07-10T15:00:04","data/mat_data/Clive/09_07 CADL Pressure mat/CADLPM36","CADLPM36"
"2024-07-10T15:00:39","2024-07-10T15:00:51","data/mat_data/Clive/09_07 CADL Pressure mat/CADLPM37","CADLPM37"
"2024-07-10T15:01:24","2024-07-10T15:01:34","data/mat_data/Clive/09_07 CADL Pressure mat/CADLPM38","CADLPM38"
"2024-07-10T15:02:10","2024-07-10T15:02:19","data/mat_data/Clive/09_07 CADL Pressure mat/CADLPM40","CADLPM40"
"2024-07-10T15:04:14","2024-07-10T15:04:28","data/mat_data/Clive/09_07 CADL Pressure mat/CADLPM41","CADLPM41"
"2024-07-10T15:05:42","2024-07-10T15:06:00","data/mat_data/Clive/09_07 CADL Pressure mat/CADLPM42","CADLPM42"
"2024-07-10T15:06:51","2024-07-10T15:07:08","data/mat_data/Clive/09_07 CADL Pressure mat/CADLPM43","CADLPM43"
"2024-07-10T15:08:21","2024-07-10T15:08:31","data/mat_data/Clive/09_07 CADL Pressure mat","09_07 CADL Pressure mat"
"2024-07-10T15:09:36","2024-07-10T15:09:48","data/mat_data/Clive/09_07 CADL Pressure mat/CADLPM45","CADLPM45"
"2024-07-10T15:12:01","2024-07-10T15:12:12","data/mat_data/Clive/09_07 CADL Pressure mat/CADLPM44","CADLPM44"
"2024-07-10T15:12:49","2024-07-10T15:13:02","data/mat_data/Clive/09_07 CADL Pressure mat/CADLPM46","CADLPM46"
"2024-07-10T15:13:54","2024-07-10T15:14:04","data/mat_data/Clive/09_07 CADL Pressure mat/CADLPM47","CADLPM47"
"2024-07-10T15:15:20","2024-07-10T15:15:32","data/mat_data/Clive/09_07 CADL Pressure mat/CADLPM48","CADLPM48"
"2024-07-10T15:16:07","2024-07-10T15:16:18","data/mat_data/Clive/09_07 CADL Pressure mat/CADLPM49","CADLPM49"
"2024-07-10T15:16:51","2024-07-10T15:17:06","data/mat_data/Clive/09_07 CADL Pressure mat/CADLPM50","CADLPM50"
"2024-07-10T15:17:50","2024-07-10T15:18:03","data/mat_data/Clive/09_07 CADL Pressure mat/CADLPM51","CADLPM51"
"2024-07-10T15:19:19","2024-07-10T15:19:29","data/mat_data/Clive/09_07 CADL Pressure mat/CADLPM52","CADLPM52"
"2024-07-10T15:20:15","2024-07-10T15:20:26","data/mat_data/Clive/09_07 CADL Pressure mat/CADLPM53","CADLPM53"
"2024-07-10T15:21:53","2024-07-10T15:22:04","data/mat_data/Clive/09_07 CADL Pressure mat/CADLPM54","CADLPM54"
"2024-07-10T15:23:19","2024-07-10T15:23:29","data/mat_data/Clive/09_07 CADL Pressure mat/CADLPM55","CADLPM55"
"2024-07-10T15:24:20","2024-07-10T15:24:47","data/mat_data/Clive/09_07 CADL Pressure mat/CADLPM56","CADLPM56"
"2024-07-10T15:25:36","2024-07-10T15:26:08","data/mat_data/Clive/09_07 CADL Pressure mat/CADLPM57","CADLPM57"
"2024-07-10T15:26:49","2024-07-10T15:27:00","data/mat_data/Clive/09_07 CADL Pressure mat/CADLPM58","CADLPM58"
"2024-07-10T15:28:38","2024-07-10T15:29:26","data/mat_data/Clive/09_07 CADL Pressure mat/CADLPM69","CADLPM69"
"2024-07-10T15:30:18","2024-07-10T15:30:40","data/mat_data/Clive/09_07 CADL Pressure mat/CADLPM70","CADLPM70"
"2024-07-10T15:31:34","2024-07-10T15:31:52","data/mat_data/Clive/09_07 CADL Pressure mat/CADLPM71","CADLPM71"
"2024-07-10T15:32:42","2024-07-10T15:32:59","data/mat_data/Clive/09_07 CADL Pressure mat/CADLPM72","CADLPM72"
"2024-07-10T15:33:41","2024-07-10T15:34:09","data/mat_data/Clive/09_07 CADL Pressure mat/CADLPM73","CADLPM73"
"2024-07-10T15:36:13","2024-07-10T15:37:21","data/mat_data/Clive/09_07 CADL Pressure mat/CADLPM74","CADLPM74"
"2024-07-18T10:56:21","2024-07-18T10:56:39","data/mat_data/Blaine/Falls PM/BLFPM01","BLFPM01"
"2024-07-18T11:00:42","2024-07-18T11:00:51","data/mat_data/Blaine/Falls PM/BLFPM02","BLFPM02"
"2024-07-18T11:01:34","2024-07-18T11:01:38","data/mat_data/Blaine/Falls PM/BLFPM03","BLFPM03"
"2024-07-18T11:02:21","2024-07-18T11:02:28","data/mat_data/Blaine/Falls PM/BLFPM04","BLFPM04"
"2024-07-18T11:03:14","2024-07-18T11:03:24","data/mat_data/Blaine/Falls PM/BLFPM05","BLFPM05"
"2024-07-18T11:04:00","2024-07-18T11:04:06","data/mat_data/Blaine/Falls PM/BLFPM06","BLFPM06"
"2024-07-18T11:19:35","2024-07-18T11:19:51","data/mat_data/Blaine/Falls PM/BLFPM07","BLFPM07"
"2024-07-18T11:20:35","2024-07-18T11:20:43","data/mat_data/Blaine/Falls PM/BLFPM08","BLFPM08"
"2024-07-18T11:21:15","2024-07-18T11:21:19","data/mat_data/Blaine/Falls PM/BLFPM09","BLFPM09"
"2024-07-18T11:22:09","2024-07-18T11:22:15","data/mat_data/Blaine/Falls PM/BLFPM10","BLFPM10"
"2024-07-18T11:22:47","2024-07-18T11:22:56","data/mat_data/Blaine/Falls PM/BLFPM11","BLFPM11"
"2024-07-18T11:23:42","2024-07-18T11:23:51","data/mat_data/Blaine/Falls PM/BLFPM12","BLFPM12"
"2024-07-18T11:26:37","2024-07-18T11:26:46","data/mat_data/Blaine/Falls PM/BLFPM13","BLFPM13"
"2024-07-18T11:27:21","2024-07-18T11:27:26","data/mat_data/Blaine/Falls PM/BLFPM14","BLFPM14"
"2024-07-18T11:28:19","2024-07-18T11:28:24","data/mat_data/Blaine/Falls PM/BLFPM15","BLFPM15"
"2024-07-18T11:29:06","2024-07-18T11:29:11","data/mat_data/Blaine/Falls PM/BLFPM16","BLFPM16"
"2024-07-18T11:29:45","2024-07-18T11:29:50","data/mat_data/Blaine/Falls PM/BLFPM17","BLFPM17"
"2024-07-18T11:30:31","2024-07-18T11:30:36","data/mat_data/Blaine/Falls PM/BLFPM18","BLFPM18"
"2024-07-18T11:31:09","2024-07-18T11:31:14","data/mat_data/Blaine/Falls PM/BLFPM19","BLFPM19"
"2024-07-18T11:31:44","2024-07-18T11:31:55","data/mat_data/Blaine/Falls PM/BLFPM20","BLFPM20"
"2024-07-18T11:32:34","2024-07-18T11:32:40","data/mat_data/Blaine/Falls PM/BLFPM21","BLFPM21"
"2024-07-18T11:33:18","2024-07-18T11:33:24","data/mat_data/Blaine/Falls PM/BLFPM22","BLFPM22"
"2024-07-18T11:34:01","2024-07-18T11:34:08","data/mat_data/Blaine/Falls PM/BLFPM23","BLFPM23"
"2024-07-18T11:34:58","2024-07-18T11:35:02","data/mat_data/Blaine/Falls PM/BLFPM24","BLFPM24"
"2024-07-18T11:35:44","2024-07-18T11:35:50","data/mat_data/Blaine/Falls PM/BLFPM25","BLFPM25"
"2024-07-18T11:36:34","2024-07-18T11:36:40","data/mat_data/Blaine/Falls PM/BLFPM26","BLFPM26"
"2024-07-18T11:37:28","2024-07-18T11:37:32","data/mat_data/Blaine/Falls PM/BLFPM27","BLFPM27"
"2024-07-18T11:38:45","2024-07-18T11:38:56","data/mat_data/Blaine/Falls PM/BLFPM29","BLFPM29"
"2024-07-18T11:41:29","2024-07-18T11:41:34","data/mat_data/Blaine/Falls PM/BLFPM28","BLFPM28"
"2024-07-18T11:42:28","2024-07-18T11:42:33","data/mat_data/Blaine/Falls PM/BLFPM30","BLFPM30"
"2024-07-18T11:43:10","2024-07-18T11:43:15","data/mat_data/Blaine/Falls PM/BLFPM31","BLFPM31"
"2024-07-18T11:44:34","2024-07-18T11:44:38","data/mat_data/Blaine/Falls PM/BLFPM32","BLFPM32"
"2024-07-18T11:45:27","2024-07-18T11:45:33","data/mat_data/Blaine/Falls PM/BLFPM33","BLFPM33"
"2024-07-18T11:46:24","2024-07-18T11:46:29","data/mat_data/Blaine/Falls PM/BLFPM34","BLFPM34"
"2024-07-18T11:47:05","2024-07-18T11:47:09","data/mat_data/Blaine/Falls PM/BLFPM35","BLFPM35"
"2024-07-18T11:47:50","2024-07-18T11:47:55","data/mat_data/Blaine/Falls PM/BLFPM36","BLFPM36"
"2024-07-18T11:51:26","2024-07-18T11:51:45","data/mat_data/Blaine/ADL PM/BLADLPM01","BLADLPM01"
"2024-07-18T11:52:19","2024-07-18T11:52:31","data/mat_data/Blaine/ADL PM/BLADLPM02","BLADLPM02"
"2024-07-18T11:53:01","2024-07-18T11:53:12","data/mat_data/Blaine/ADL PM/BLADLPM04","BLADLPM04"
"2024-07-18T11:56:08","2024-07-18T11:56:21","data/mat_data/Blaine/ADL PM/BLADLPM05","BLADLPM05"
"2024-07-18T11:56:54","2024-07-18T11:57:05","data/mat_data/Blaine/ADL PM/BLADLPM06","BLADLPM06"
"2024-07-18T11:58:01","2024-07-18T11:58:17","data/mat_data/Blaine/ADL PM/BLADLPM07","BLADLPM07"
"2024-07-18T11:59:00","2024-07-18T11:59:13","data/mat_data/Blaine/ADL PM/BLADLPM08","BLADLPM08"
"2024-07-18T11:59:48","2024-07-18T12:00:00","data/mat_data/Blaine/ADL PM/BLADLPM09","BLADLPM09"
"2024-07-18T12:00:33","2024-07-18T12:00:49","data/mat_data/Blaine/ADL PM/BLADLPM10","BLADLPM10"
"2024-07-18T12:01:22","2024-07-18T12:01:33","data/mat_data/Blaine/ADL PM/BLADLPM11","BLADLPM11"
"2024-07-18T12:02:04","2024-07-18T12:02:14","data/mat_data/Blaine/ADL PM/BLADLPM12","BLADLPM12"
"2024-07-18T12:03:11","2024-07-18T12:03:24","data/mat_data/Blaine/ADL PM/BLADLPM13","BLADLPM13"
"2024-07-18T12:04:00","2024-07-18T12:04:14","data/mat_data/Blaine/ADL PM/BLADLPM14","BLADLPM14"
"2024-07-18T12:05:09","2024-07-18T12:05:19","data/mat_data/Blaine/ADL PM/BLADLPM15","BLADLPM15"
"2024-07-18T12:05:57","2024-07-18T12:06:08","data/mat_data/Blaine/ADL PM/BLADLPM17","BLADLPM17"
"2024-07-18T12:09:20","2024-07-18T12:09:30","data/mat_data/Blaine/ADL PM/BLADLPM18","BLADLPM18"
"2024-07-18T12:10:01","2024-07-18T12:10:12","data/mat_data/Blaine/ADL PM/BLADLPM20","BLADLPM20"
"2024-07-18T12:11:27","2024-07-18T12:11:36","data/mat_data/Blaine/ADL PM/BLADLPM21","BLADLPM21"
"2024-07-18T12:13:40","2024-07-18T12:13:52","data/mat_data/Blaine/ADL PM/BLADLPM23","BLADLPM23"
"2024-07-18T12:14:57","2024-07-18T12:15:09","data/mat_data/Blaine/ADL PM/BLADLPM24","BLADLPM24"
"2024-07-18T12:15:44","2024-07-18T12:16:05","data/mat_data/Blaine/ADL PM/BLADLPM25","BLADLPM25"
"2024-07-18T12:17:21","2024-07-18T12:17:41","data/mat_data/Blaine/ADL PM/BLADLPM26","BLADLPM26"
"2024-07-18T12:18:22","2024-07-18T12:18:35","data/mat_data/Blaine/ADL PM/BLADLPM27","BLADLPM27"
"2024-07-18T12:19:33","2024-07-18T12:19:51","data/mat_data/Blaine/ADL PM/BLADLPM28","BLADLPM28"
"2024-07-18T12:27:23","2024-07-18T12:27:36","data/mat_data/Blaine/ADL PM/BLADLPM29","BLADLPM29"
"2024-07-18T12:28:25","2024-07-18T12:28:34","data/mat_data/Blaine/ADL PM/BLADLPM30","BLADLPM30"
"2024-07-29T10:07:08","2024-07-29T10:07:20","data/mat_data/Lyne/Falls Mat/LMATFALL2","LMATFALL2"
"2024-07-29T10:09:03","2024-07-29T10:09:09","data/mat_data/Lyne/Falls Mat/LMATFALL3","LMATFALL3"
"2024-07-29T10:13:05","2024-07-29T10:13:12","data/mat_data/Lyne/Falls Mat/LMATFALL5","LMATFALL5"
"2024-07-29T10:15:53","2024-07-29T10:15:58","data/mat_data/Lyne/Falls Mat/LMATFALL4","LMATFALL4"
"2024-07-29T10:16:36","2024-07-29T10:16:47","data/mat_data/Lyne/Falls Mat/LMATFALL7","LMATFALL7"
"2024-07-29T10:18:28","2024-07-29T10:18:35","data/mat_data/Lyne/Falls Mat/LMATFALL9","LMATFALL9"
"2024-07-29T10:19:07","2024-07-29T10:19:24","data/mat_data/Lyne/Falls Mat/LMATFALL10","LMATFALL10"
"2024-07-29T10:20:14","2024-07-29T10:20:20","data/mat_data/Lyne/Falls Mat/LMATFALL11","LMATFALL11"
"2024-07-29T10:21:22","2024-07-29T10:21:26","data/mat_data/Lyne/Falls Mat/LMATFALL12","LMATFALL12"
"2024-07-29T10:22:03","2024-07-29T10:22:09","data/mat_data/Lyne/Falls Mat/LMATFALL13","LMATFALL13"
"2024-07-29T10:23:00","2024-07-29T10:23:05","data/mat_data/Lyne/Falls Mat/LMATFALL14","LMATFALL14"
"2024-07-29T10:23:56","2024-07-29T10:24:02","data/mat_data/Lyne/Falls Mat/LMATFALL15","LMATFALL15"
"2024-07-29T10:24:40","2024-07-29T10:24:53","data/mat_data/Lyne/Falls Mat/LMATFALL16","LMATFALL16"
"2024-07-29T10:25:41","2024-07-29T10:25:47","data/mat_data/Lyne/Falls Mat/LMATFALL17","LMATFALL17"
"2024-07-29T10:26:33","2024-07-29T10:26:39","data/mat_data/Lyne/Falls Mat/LMATFALL18","LMATFALL18"
"2024-07-29T10:27:22","2024-07-29T10:27:27","data/mat_data/Lyne/Falls Mat/LMATFALL19","LMATFALL19"
"2024-07-29T10:28:06","2024-07-29T10:28:17","data/mat_data/Lyne/Falls Mat/LMATFALL20","LMATFALL20"
"2024-07-29T10:28:56","2024-07-29T10:29:01","data/mat_data/Lyne/Falls Mat/LMATFALL21","LMATFALL21"
"2024-07-29T10:31:17","2024-07-29T10:31:24","data/mat_data/Lyne/Falls Mat/LMATFALL23","LMATFALL23"
"2024-07-29T10:33:23","2024-07-29T10:33:28","data/mat_data/Lyne/Falls Mat/LMATFALL24","LMATFALL24"
"2024-07-29T10:34:09","2024-07-29T10:34:19","data/mat_data/Lyne/Falls Mat/LMATFALL25","LMATFALL25"
"2024-07-29T10:36:56","2024-07-29T10:37:03","data/mat_data/Lyne/Falls Mat/LMATFALL26","LMATFALL26"
"2024-07-29T10:37:42","2024-07-29T10:37:49","data/mat_data/Lyne/Falls Mat/LMATFALL27","LMATFALL27"
"2024-07-29T10:38:23","2024-07-29T10:38:34","data/mat_data/Lyne/Falls Mat/LMATFALL28","LMATFALL28"
"2024-07-29T10:40:38","2024-07-29T10:40:49","data/mat_data/Lyne/Falls Mat/LMATFALL29","LMATFALL29"
"2024-07-29T10:41:22","2024-07-29T10:41:27","data/mat_data/Lyne/Falls Mat/LMATFALL30","LMATFALL30"
"2024-07-29T10:42:03","2024-07-29T10:42:13","data/mat_data/Lyne/Falls Mat/LMATFALL31","LMATFALL31"
"2024-07-29T10:47:15","2024-07-29T10:47:25","data/mat_data/Lyne/Falls Mat/LMATFALL32","LMATFALL32"
"2024-07-29T10:48:06","2024-07-29T10:48:16","data/mat_data/Lyne/Falls Mat/LMATFALL33","LMATFALL33"
"2024-07-29T10:49:04","2024-07-29T10:49:10","data/mat_data/Lyne/Falls Mat/LMATFALL34","LMATFALL34"
"2024-07-29T10:49:49","2024-07-29T10:49:54","data/mat_data/Lyne/Falls Mat/LMATFALL35","LMATFALL35"
"2024-07-29T10:50:48","2024-07-29T10:50:55","data/mat_data/Lyne/Falls Mat/LMATFALL36","LMATFALL36"
"2024-07-29T11:05:32","2024-07-29T11:05:57","data/mat_data/Lyne/ADL Mat/LMATADL1","LMATADL1"
"2024-07-29T11:06:57","2024-07-29T11:07:11","data/mat_data/Lyne/ADL Mat/LMATADL2","LMATADL2"
"2024-07-29T11:07:43","2024-07-29T11:07:55","data/mat_data/Lyne/ADL Mat/LMATADL3","LMATADL3"
"2024-07-29T11:09:43","2024-07-29T11:09:59","data/mat_data/Lyne/ADL Mat/LMATADL4","LMATADL4"
"2024-07-29T11:10:33","2024-07-29T11:10:47","data/mat_data/Lyne/ADL Mat/LMATADL5","LMATADL5"
"2024-07-29T11:11:18","2024-07-29T11:11:28","data/mat_data/Lyne/ADL Mat/LMATADL6","LMATADL6"
"2024-07-29T11:13:14","2024-07-29T11:13:31","data/mat_data/Lyne/ADL Mat/LMATADL7","LMATADL7"
"2024-07-29T11:14:21","2024-07-29T11:14:43","data/mat_data/Lyne/ADL Mat/LMATADL8","LMATADL8"
"2024-07-29T11:17:29","2024-07-29T11:17:40","data/mat_data/Lyne/ADL Mat/LMATADL9","LMATADL9"
"2024-07-29T11:21:37","2024-07-29T11:21:48","data/mat_data/Lyne/ADL Mat/LMATADL10","LMATADL10"
"2024-07-29T11:22:21","2024-07-29T11:22:33","data/mat_data/Lyne/ADL Mat/LMATADL11","LMATADL11"
"2024-07-29T11:23:04","2024-07-29T11:23:10","data/mat_data/Lyne/ADL Mat/LMATADL12","LMATADL12"
"2024-07-29T11:24:10","2024-07-29T11:24:22","data/mat_data/Lyne/ADL Mat/LMATADL13","LMATADL13"
"2024-07-29T11:25:07","2024-07-29T11:25:26","data/mat_data/Lyne/ADL Mat/LMATADL14","LMATADL14"
"2024-07-29T11:26:12","2024-07-29T11:26:44","data/mat_data/Lyne/ADL Mat/LMATADL15","LMATADL15"
"2024-07-29T11:27:16","2024-07-29T11:27:29","data/mat_data/Lyne/ADL Mat/LMATADL16","LMATADL16"
"2024-07-29T11:28:03","2024-07-29T11:28:18","data/mat_data/Lyne/ADL Mat/LMATADL17","LMATADL17"
"2024-07-29T11:28:49","2024-07-29T11:29:02","data/mat_data/Lyne/ADL Mat/LMATADL18","LMATADL18"
"2024-07-29T11:29:36","2024-07-29T11:29:48","data/mat_data/Lyne/ADL Mat/LMATADL19","LMATADL19"
"2024-07-29T11:30:19","2024-07-29T11:30:41","data/mat_data/Lyne/ADL Mat/LMATADL20","LMATADL20"
"2024-07-29T11:31:20","2024-07-29T11:31:41","data/mat_data/Lyne/ADL Mat/LMATADL21","LMATADL21"
"2024-07-29T11:32:34","2024-07-29T11:32:47","data/mat_data/Lyne/ADL Mat/LMATADL22","LMATADL22"
"2024-07-29T11:33:36","2024-07-29T11:33:45","data/mat_data/Lyne/ADL Mat/LMATADL23","LMATADL23"
"2024-07-29T11:34:21","2024-07-29T11:34:33","data/mat_data/Lyne/ADL Mat/LMATADL24","LMATADL24"
"2024-07-29T11:35:08","2024-07-29T11:35:33","data/mat_data/Lyne/ADL Mat/LMATADL25","LMATADL25"
"2024-07-29T11:36:19","2024-07-29T11:36:40","data/mat_data/Lyne/ADL Mat/LMATADL26","LMATADL26"
"2024-07-29T11:37:22","2024-07-29T11:37:35","data/mat_data/Lyne/ADL Mat/LMATADL27","LMATADL27"
"2024-07-29T11:38:09","2024-07-29T11:38:31","data/mat_data/Lyne/ADL Mat/LMATADL28","LMATADL28"
"2024-07-29T11:39:06","2024-07-29T11:39:22","data/mat_data/Lyne/ADL Mat/LMATADL29","LMATADL29"
"2024-07-29T11:40:06","2024-07-29T11:40:16","data/mat_data/Lyne/ADL Mat/LMATADL30","LMATADL30"
"2024-07-29T11:44:21","2024-07-29T11:44:38","data/mat_data/Lyne/ADL Mat/LMATADL31","LMATADL31"
"2024-07-29T11:45:13","2024-07-29T11:45:26","data/mat_data/Lyne/ADL Mat/LMATADL32","LMATADL32"
"2024-07-29T11:46:01","2024-07-29T11:46:12","data/mat_data/Lyne/ADL Mat/LMATADL33","LMATADL33"
"2024-07-29T11:46:45","2024-07-29T11:47:04","data/mat_data/Lyne/ADL Mat/LMATADL34","LMATADL34"
"2024-07-29T11:47:39","2024-07-29T11:47:56","data/mat_data/Lyne/ADL Mat/LMATADL35","LMATADL35"
"2024-07-29T11:49:30","2024-07-29T11:49:48","data/mat_data/Lyne/ADL Mat/LMATADL36","LMATADL36"
"2024-07-29T11:50:24","2024-07-29T11:50:43","data/mat_data/Lyne/ADL Mat/LMATADL37","LMATADL37"
"2024-07-29T11:51:19","2024-07-29T11:51:33","data/mat_data/Lyne/ADL Mat/LMATADL38","LMATADL38"
"2024-07-29T11:52:09","2024-07-29T11:52:19","data/mat_data/Lyne/ADL Mat/LMATADL39","LMATADL39"
"2024-07-29T11:53:26","2024-07-29T11:53:57","data/mat_data/Lyne/ADL Mat/LMATADL40","LMATADL40"
"2024-07-29T11:54:37","2024-07-29T11:55:02","data/mat_data/Lyne/ADL Mat/LMATADL41","LMATADL41"
"2024-07-29T11:56:53","2024-07-29T11:57:09","data/mat_data/Lyne/ADL Mat/LMATADL42","LMATADL42"
"2024-07-29T11:57:46","2024-07-29T11:58:07","data/mat_data/Lyne/ADL Mat/LMATADL43","LMATADL43"
"2024-07-29T11:59:17","2024-07-29T11:59:33","data/mat_data/Lyne/ADL Mat/LMATADL44","LMATADL44"
"2024-07-29T12:00:06","2024-07-29T12:00:24","data/mat_data/Lyne/ADL Mat/LMATADL46","LMATADL46"
"2024-07-29T12:02:08","2024-07-29T12:02:19","data/mat_data/Lyne/ADL Mat/LMATADL47","LMATADL47"
"2024-07-29T12:03:44","2024-07-29T12:03:59","data/mat_data/Lyne/ADL Mat/LMATADL48","LMATADL48"
"2024-07-29T12:04:44","2024-07-29T12:05:00","data/mat_data/Lyne/ADL Mat/LMATADL49","LMATADL49"
"2024-07-29T12:05:38","2024-07-29T12:05:57","data/mat_data/Lyne/ADL Mat/LMATADL50","LMATADL50"
"2024-07-29T12:06:50","2024-07-29T12:07:06","data/mat_data/Lyne/ADL Mat/LMATADL51","LMATADL51"
"2024-07-29T12:08:04","2024-07-29T12:08:22","data/mat_data/Lyne/ADL Mat/LMATADL52","LMATADL52"
"2024-07-29T12:09:00","2024-07-29T12:09:11","data/mat_data/Lyne/ADL Mat/LMATADL53","LMATADL53"
"2024-07-29T12:09:44","2024-07-29T12:09:59","data/mat_data/Lyne/ADL Mat/LMATADL54","LMATADL54"
"2024-07-29T12:11:19","2024-07-29T12:11:29","data/mat_data/Lyne/ADL Mat/LMATADL55","LMATADL55"
"2024-07-29T12:12:24","2024-07-29T12:12:58","data/mat_data/Lyne/ADL Mat/LMATADL56","LMATADL56"
"2024-07-29T12:14:09","2024-07-29T12:14:35","data/mat_data/Lyne/ADL Mat/LMATADL57","LMATADL57"
"2024-07-29T12:15:15","2024-07-29T12:15:28","data/mat_data/Lyne/ADL Mat/LMATADL58","LMATADL58"
"2024-07-29T12:17:21","2024-07-29T12:17:31","data/mat_data/Lyne/ADL Mat/LMATADL59","LMATADL59"
"2024-07-29T12:26:08","2024-07-29T12:26:25","data/mat_data/Lyne/ADL Mat/LMATADL70","LMATADL70"
"2024-07-29T12:27:13","2024-07-29T12:27:31","data/mat_data/Lyne/ADL Mat/LMATADL71","LMATADL71"
"2024-07-29T12:28:14","2024-07-29T12:28:31","data/mat_data/Lyne/ADL Mat/LMATADL72","LMATADL72"
"2024-07-29T12:29:19","2024-07-29T12:29:45","data/mat_data/Lyne/ADL Mat/LMATADL73","LMATADL73"
"2024-08-02T11:42:14","2024-08-02T11:42:21","data/mat_data/Blaines wife/FALL PM/BWIRFALL1","BWIRFALL1"
"2024-08-02T11:43:24","2024-08-02T11:43:31","data/mat_data/Blaines wife/FALL PM/BWIRFALL2","BWIRFALL2"
"2024-08-02T11:44:30","2024-08-02T11:44:35","data/mat_data/Blaines wife/FALL PM/BWIRFALL3","BWIRFALL3"
"2024-08-02T11:45:37","2024-08-02T11:45:43","data/mat_data/Blaines wife/FALL PM/BWIRFALL4","BWIRFALL4"
"2024-08-02T11:46:34","2024-08-02T11:46:39","data/mat_data/Blaines wife/FALL PM/BWIRFALL5","BWIRFALL5"
"2024-08-02T11:47:21","2024-08-02T11:47:28","data/mat_data/Blaines wife/FALL PM/BWIRFALL6","BWIRFALL6"
"2024-08-02T11:48:19","2024-08-02T11:48:24","data/mat_data/Blaines wife/FALL PM/BWIRFALL7","BWIRFALL7"
"2024-08-02T11:51:52","2024-08-02T11:52:03","data/mat_data/Blaines wife/FALL PM/BWIRFALL8","BWIRFALL8"
"2024-08-02T11:52:36","2024-08-02T11:52:42","data/mat_data/Blaines wife/FALL PM/BWIRFALL9","BWIRFALL9"
"2024-08-02T11:57:23","2024-08-02T11:57:32","data/mat_data/Blaines wife/FALL PM/BWIRFALL10","BWIRFALL10"
"2024-08-02T11:58:09","2024-08-02T11:58:14","data/mat_data/Blaines wife/FALL PM/BWIRFALL11","BWIRFALL11"
"2024-08-02T11:58:50","2024-08-02T11:59:01","data/mat_data/Blaines wife/FALL PM/BWIRFALL12","BWIRFALL12"
"2024-08-02T11:59:47","2024-08-02T11:59:53","data/mat_data/Blaines wife/FALL PM/BWIRFALL13","BWIRFALL13"
"2024-08-02T12:00:43","2024-08-02T12:00:49","data/mat_data/Blaines wife/FALL PM/BWIRFALL14","BWIRFALL14"
"2024-08-02T12:01:29","2024-08-02T12:01:35","data/mat_data/Blaines wife/FALL PM/BWIRFALL15","BWIRFALL15"
"2024-08-02T12:02:25","2024-08-02T12:02:31","data/mat_data/Blaines wife/FALL PM/BWIRFALL16","BWIRFALL16"
"2024-08-02T12:03:26","2024-08-02T12:03:46","data/mat_data/Blaines wife/FALL PM/BWIRFALL17","BWIRFALL17"
"2024-08-02T12:04:54","2024-08-02T12:05:02","data/mat_data/Blaines wife/FALL PM/BWIRFALL18","BWIRFALL18"
"2024-08-02T12:05:47","2024-08-02T12:05:54","data/mat_data/Blaines wife/FALL PM/BWIRFALL19","BWIRFALL19"
"2024-08-02T12:06:28","2024-08-02T12:06:33","data/mat_data/Blaines wife/FALL PM/BWIRFALL20","BWIRFALL20"
"2024-08-02T12:12:38","2024-08-02T12:12:50","data/mat_data/Blaines wife/FALL PM/BWIRFALL21","BWIRFALL21"
"2024-08-02T12:13:30","2024-08-02T12:13:35","data/mat_data/Blaines wife/FALL PM/BWIRFALL22","BWIRFALL22"
"2024-08-02T12:14:21","2024-08-02T12:14:26","data/mat_data/Blaines wife/FALL PM/BWIRFALL23","BWIRFALL23"
"2024-08-02T12:15:02","2024-08-02T12:15:07","data/mat_data/Blaines wife/FALL PM/BWIRFALL24","BWIRFALL24"
"2024-08-02T12:15:50","2024-08-02T12:15:56","data/mat_data/Blaines wife/FALL PM/BWIRFALL25","BWIRFALL25"
"2024-08-02T12:16:38","2024-08-02T12:16:43","data/mat_data/Blaines wife/FALL PM/BWIRFALL26","BWIRFALL26"
"2024-08-02T12:17:43","2024-08-02T12:17:49","data/mat_data/Blaines wife/FALL PM/BWIRFALL27","BWIRFALL27"
"2024-08-02T12:19:42","2024-08-02T12:19:47","data/mat_data/Blaines wife/FALL PM/BWIRFALL29","BWIRFALL29"
"2024-08-02T12:20:50","2024-08-02T12:21:00","data/mat_data/Blaines wife/FALL PM/BWIRFALL28","BWIRFALL28"
"2024-08-02T12:21:36","2024-08-02T12:21:51","data/mat_data/Blaines wife/FALL PM/BWIRFALL30","BWIRFALL30"
"2024-08-02T12:22:36","2024-08-02T12:22:42","data/mat_data/Blaines wife/FALL PM/BWIRFALL31","BWIRFALL31"
"2024-08-02T12:23:20","2024-08-02T12:23:25","data/mat_data/Blaines wife/FALL PM/BWIRFALL32","BWIRFALL32"
"2024-08-02T12:24:02","2024-08-02T12:24:08","data/mat_data/Blaines wife/FALL PM/BWIRFALL33","BWIRFALL33"
"2024-08-02T12:24:56","2024-08-02T12:25:01","data/mat_data/Blaines wife/FALL PM/BWIRFALL34","BWIRFALL34"
"2024-08-02T12:25:37","2024-08-02T12:25:48","data/mat_data/Blaines wife/FALL PM/BWIRFALL35","BWIRFALL35"
"2024-08-02T12:26:28","2024-08-02T12:26:38","data/mat_data/Blaines wife/FALL PM/BWIRFALL36","BWIRFALL36"
"2024-08-02T12:30:06","2024-08-02T12:30:51","data/mat_data/Blaines wife/ADL PM/BWIRFALL1","BWIRFALL1"
"2024-08-02T12:34:59","2024-08-02T12:35:23","data/mat_data/Blaines wife/ADL PM/BWIRFALL2","BWIRFALL2"
"2024-08-02T12:35:53","2024-08-02T12:36:17","data/mat_data/Blaines wife/ADL PM/BWIRFALL3","BWIRFALL3"
"2024-08-02T12:36:49","2024-08-02T12:37:23","data/mat_data/Blaines wife/ADL PM/BWIRFALL4","BWIRFALL4"
"2024-08-02T12:37:55","2024-08-02T12:38:23","data/mat_data/Blaines wife/ADL PM/BWIRFALL5","BWIRFALL5"
"2024-08-02T12:38:57","2024-08-02T12:39:14","data/mat_data/Blaines wife/ADL PM/BWIRFALL6","BWIRFALL6"
"2024-08-02T12:39:45","2024-08-02T12:40:21","data/mat_data/Blaines wife/ADL PM/BWIRFALL7","BWIRFALL7"
"2024-08-02T12:41:30","2024-08-02T12:41:55","data/mat_data/Blaines wife/ADL PM/BWIRFALL8","BWIRFALL8"
"2024-08-02T12:42:25","2024-08-02T12:42:42","data/mat_data/Blaines wife/ADL PM/BWIRFALL9","BWIRFALL9"
"2024-08-02T12:44:35","2024-08-02T12:45:02","data/mat_data/Blaines wife/ADL PM/BWIRFALL10","BWIRFALL10"
"2024-08-02T12:45:37","2024-08-02T12:45:52","data/mat_data/Blaines wife/ADL PM/BWIRFALL11","BWIRFALL11"
"2024-08-02T12:46:24","2024-08-02T12:46:41","data/mat_data/Blaines wife/ADL PM/BWIRFALL12","BWIRFALL12"
"2024-08-02T12:47:15","2024-08-02T12:47:40","data/mat_data/Blaines wife/ADL PM/BWIRFALL13","BWIRFALL13"
"2024-08-02T12:48:11","2024-08-02T12:48:32","data/mat_data/Blaines wife/ADL PM/BWIRFALL14","BWIRFALL14"
"2024-08-02T12:49:57","2024-08-02T12:50:24","data/mat_data/Blaines wife/ADL PM/BWIRFALL16","BWIRFALL16"
"2024-08-02T12:50:44","2024-08-02T12:51:10","data/mat_data/Blaines wife/ADL PM/BWIRFALL17","BWIRFALL17"
"2024-08-02T12:52:37","2024-08-02T12:52:54","data/mat_data/Blaines wife/ADL PM/BWIRFALL18","BWIRFALL18"
"2024-08-02T12:53:26","2024-08-02T12:53:45","data/mat_data/Blaines wife/ADL PM/BWIRFALL19","BWIRFALL19"
"2024-08-02T12:54:13","2024-08-02T12:54:29","data/mat_data/Blaines wife/ADL PM/BWIRFALL20","BWIRFALL20"
"2024-08-02T12:55:01","2024-08-02T12:55:15","data/mat_data/Blaines wife/ADL PM/BWIRFALL21","BWIRFALL21"
"2024-08-02T13:02:30","2024-08-02T13:02:46","data/mat_data/Blaines wife/ADL PM/BWIRFALL22","BWIRFALL22"
"2024-08-02T13:03:19","2024-08-02T13:03:30","data/mat_data/Blaines wife/ADL PM/BWIRFALL23","BWIRFALL23"
"2024-08-02T13:04:56","2024-08-02T13:05:48","data/mat_data/Blaines wife/ADL PM/BWIRFALL25","BWIRFALL25"
"2024-08-02T13:06:44","2024-08-02T13:07:05","data/mat_data/Blaines wife/ADL PM/BWIRFALL26","BWIRFALL26"
"2024-08-02T13:07:46","2024-08-02T13:08:04","data/mat_data/Blaines wife/ADL PM/BWIRFALL27","BWIRFALL27"
"2024-08-02T13:09:13","2024-08-02T13:09:44","data/mat_data/Blaines wife/ADL PM/BWIRFALL28","BWIRFALL28"
"2024-08-02T13:10:17","2024-08-02T13:10:38","data/mat_data/Blaines wife/ADL PM/BWIRFALL29","BWIRFALL29"
"2024-08-02T13:11:12","2024-08-02T13:11:23","data/mat_data/Blaines wife/ADL PM/BWIRFALL30","BWIRFALL30"
"2024-08-02T13:11:56","2024-08-02T13:12:26","data/mat_data/Blaines wife/ADL PM/BWIRFALL31","BWIRFALL31"
"2024-08-02T13:13:05","2024-08-02T13:13:26","data/mat_data/Blaines wife/ADL PM/BWIRFALL32","BWIRFALL32"
"2024-08-02T13:13:59","2024-08-02T13:14:14","data/mat_data/Blaines wife/ADL PM/BWIRFALL33","BWIRFALL33"
"2024-08-02T13:14:49","2024-08-02T13:15:29","data/mat_data/Blaines wife/ADL PM/BWIRFALL34","BWIRFALL34"
"2024-08-02T13:16:07","2024-08-02T13:16:31","data/mat_data/Blaines wife/ADL PM/BWIRFALL35","BWIRFALL35"
"2024-08-02T13:17:03","2024-08-02T13:17:21","data/mat_data/Blaines wife/ADL PM/BWIRFALL36","BWIRFALL36"
"2024-08-02T13:18:47","2024-08-02T13:19:18","data/mat_data/Blaines wife/ADL PM/BWIRFALL37","BWIRFALL37"
"2024-08-02T13:19:56","2024-08-02T13:20:16","data/mat_data/Blaines wife/ADL PM/BWIRFALL38","BWIRFALL38"
"2024-08-02T13:20:54","2024-08-02T13:21:11","data/mat_data/Blaines wife/ADL PM/BWIRFALL39","BWIRFALL39"
"2024-08-02T13:21:56","2024-08-02T13:22:39","data/mat_data/Blaines wife/ADL PM/BWIRFALL40","BWIRFALL40"
"2024-08-02T13:23:20","2024-08-02T13:23:49","data/mat_data/Blaines wife/ADL PM/BWIRFALL41","BWIRFALL41"
"2024-08-02T13:24:27","2024-08-02T13:24:47","data/mat_data/Blaines wife/ADL PM/BWIRFALL42","BWIRFALL42"
"2024-08-02T13:26:02","2024-08-02T13:26:18","data/mat_data/Blaines wife/ADL PM/BWIRFALL43","BWIRFALL43"
"2024-08-02T13:27:54","2024-08-02T13:28:06","data/mat_data/Blaines wife/ADL PM/BWIRFALL44","BWIRFALL44"
"2024-08-02T13:28:44","2024-08-02T13:28:57","data/mat_data/Blaines wife/ADL PM/BWIRFALL45","BWIRFALL45"
"2024-08-02T13:29:28","2024-08-02T13:29:43","data/mat_data/Blaines wife/ADL PM/BWIRFALL46","BWIRFALL46"
"2024-08-02T13:30:15","2024-08-02T13:30:27","data/mat_data/Blaines wife/ADL PM/BWIRFALL47","BWIRFALL47"
"2024-08-02T13:31:07","2024-08-02T13:31:22","data/mat_data/Blaines wife/ADL PM/BWIRFALL48","BWIRFALL48"
"2024-08-02T13:32:02","2024-08-02T13:32:18","data/mat_data/Blaines wife/ADL PM/BWIRFALL49","BWIRFALL49"
"2024-08-02T13:32:51","2024-08-02T13:33:12","data/mat_data/Blaines wife/ADL PM/BWIRFALL50","BWIRFALL50"
"2024-08-02T13:33:48","2024-08-02T13:34:01","data/mat_data/Blaines wife/ADL PM/BWIRFALL51","BWIRFALL51"
"2024-08-02T13:35:02","2024-08-02T13:35:13","data/mat_data/Blaines wife/ADL PM/BWIRFALL52","BWIRFALL52"
"2024-08-02T13:35:48","2024-08-02T13:36:00","data/mat_data/Blaines wife/ADL PM/BWIRFALL53","BWIRFALL53"
"2024-08-02T13:36:40","2024-08-02T13:36:55","data/mat_data/Blaines wife/ADL PM/BWIRFALL54","BWIRFALL54"
"2024-08-02T13:37:33","2024-08-02T13:37:49","data/mat_data/Blaines wife/ADL PM/BWIRFALL55","BWIRFALL55"
"2024-08-02T13:38:54","2024-08-02T13:39:19","data/mat_data/Blaines wife/ADL PM/BWIRFALL56","BWIRFALL56"
"2024-08-02T13:40:09","2024-08-02T13:40:40","data/mat_data/Blaines wife/ADL PM/BWIRFALL57","BWIRFALL57"
"2024-08-02T13:41:23","2024-08-02T13:41:40","data/mat_data/Blaines wife/ADL PM/BWIRFALL58","BWIRFALL58"
"2024-08-02T13:42:12","2024-08-02T13:42:36","data/mat_data/Blaines wife/ADL PM/BWIRFALL59","BWIRFALL59"
"2024-08-02T13:43:46","2024-08-02T13:44:13","data/mat_data/Blaines wife/ADL PM/BWIRFALL60","BWIRFALL60"
"2024-08-02T13:44:46","2024-08-02T13:45:19","data/mat_data/Blaines wife/ADL PM/BWIRFALL61","BWIRFALL61"
"2024-08-02T13:45:53","2024-08-02T13:46:19","data/mat_data/Blaines wife/ADL PM/BWIRFALL62","BWIRFALL62"
"2024-08-02T13:47:01","2024-08-02T13:47:44","data/mat_data/Blaines wife/ADL PM/BWIRFALL63","BWIRFALL63"
"2024-10-14T10:36:53","2024-10-14T10:37:14","data/mat_data/Blaine/ADL PM/BLADLPM31","BLADLPM31"
"2024-10-14T10:41:25","2024-10-14T10:41:37","data/mat_data/Blaine/ADL PM/BLADLPM32","BLADLPM32"
"2024-10-14T10:42:53","2024-10-14T10:43:05","data/mat_data/Blaine/ADL PM/BLADLPM33","BLADLPM33"
"2024-10-14T10:43:45","2024-10-14T10:44:04","data/mat_data/Blaine/ADL PM/BLADLPM34","BLADLPM34"
"2024-10-14T10:44:42","2024-10-14T10:44:54","data/mat_data/Blaine/ADL PM/BLADLPM35","BLADLPM35"
"2024-10-14T10:45:44","2024-10-14T10:45:52","data/mat_data/Blaine/ADL PM/BLADLPM36","BLADLPM36"
"2024-10-14T10:46:35","2024-10-14T10:46:48","data/mat_data/Blaine/ADL PM/BLADLPM37","BLADLPM37"
"2024-10-14T10:47:26","2024-10-14T10:47:38","data/mat_data/Blaine/ADL PM/BLADLPM38","BLADLPM38"
"2024-10-14T10:48:29","2024-10-14T10:48:38","data/mat_data/Blaine/ADL PM/BLADLPM39","BLADLPM39"
"2024-10-14T10:49:35","2024-10-14T10:50:01","data/mat_data/Blaine/ADL PM/BLADLPM40","BLADLPM40"
"2024-10-14T11:08:23","2024-10-14T11:08:57","data/mat_data/Blaine/ADL PM/BLADLPM41","BLADLPM41"
"2024-10-14T11:10:10","2024-10-14T11:10:28","data/mat_data/Blaine/ADL PM/BLADLPM42","BLADLPM42"
"2024-10-14T11:11:26","2024-10-14T11:11:40","data/mat_data/Blaine/ADL PM/BLADLPM43","BLADLPM43"
"2024-10-14T11:12:42","2024-10-14T11:12:53","data/mat_data/Blaine/ADL PM/BLADLPM44","BLADLPM44"
"2024-10-14T11:13:41","2024-10-14T11:13:52","data/mat_data/Blaine/ADL PM/BLADLPM45","BLADLPM45"
"2024-10-14T11:14:35","2024-10-14T11:14:47","data/mat_data/Blaine/ADL PM/BLADLPM46","BLADLPM46"
"2024-10-14T11:15:30","2024-10-14T11:15:42","data/mat_data/Blaine/ADL PM/BLADLPM47","BLADLPM47"
"2024-10-14T11:16:49","2024-10-14T11:16:58","data/mat_data/Blaine/ADL PM/BLADLPM48","BLADLPM48"
"2024-10-14T11:17:31","2024-10-14T11:17:41","data/mat_data/Blaine/ADL PM/BLADLPM49","BLADLPM49"
"2024-10-14T11:18:17","2024-10-14T11:18:29","data/mat_data/Blaine/ADL PM/BLADLPM50","BLADLPM50"
"2024-10-14T11:19:11","2024-10-14T11:19:20","data/mat_data/Blaine/ADL PM/BLADLPM51","BLADLPM51"
"2024-10-14T11:20:21","2024-10-14T11:20:31","data/mat_data/Blaine/ADL PM/BLADLPM52","BLADLPM52"
"2024-10-14T11:21:21","2024-10-14T11:21:32","data/mat_data/Blaine/ADL PM/BLADLPM53","BLADLPM53"
"2024-10-14T11:22:10","2024-10-14T11:22:19","data/mat_data/Blaine/ADL PM/BLADLPM54","BLADLPM54"
"2024-10-14T11:22:52","2024-10-14T11:23:01","data/mat_data/Blaine/ADL PM/BLADLPM55","BLADLPM55"
"2024-10-14T11:23:35","2024-10-14T11:24:01","data/mat_data/Blaine/ADL PM/BLADLPM56","BLADLPM56"
"2024-10-14T11:24:39","2024-10-14T11:25:01","data/mat_data/Blaine/ADL PM/BLADLPM57","BLADLPM57"
"2024-10-14T11:26:58","2024-10-14T11:27:10","data/mat_data/Blaine/ADL PM/BLADLPM58","BLADLPM58"
"2024-10-14T11:27:59","2024-10-14T11:28:09","data/mat_data/Blaine/ADL PM/BLADLPM59","BLADLPM59"
"2024-10-14T11:30:49","2024-10-14T11:31:16","data/mat_data/Blaine/ADL PM/BLADLPM69","BLADLPM69"
"2024-10-14T11:32:24","2024-10-14T11:32:40","data/mat_data/Blaine/ADL PM/BLADLPM70","BLADLPM70"
"2024-10-14T11:33:20","2024-10-14T11:33:42","data/mat_data/Blaine/ADL PM/BLADLPM71","BLADLPM71"
"2024-10-14T11:34:53","2024-10-14T11:35:13","data/mat_data/Blaine/ADL PM/BLADLPM72","BLADLPM72"
"2024-10-14T11:37:55","2024-10-14T11:38:26","data/mat_data/Blaine/ADL PM/BLADLPM73","BLADLPM73"
"2024-10-14T11:40:16","2024-10-14T11:41:01","data/mat_data/Blaine/ADL PM/BLADLPM74","BLADLPM74"
"2024-10-14T11:41:55","2024-10-14T11:42:31","data/mat_data/Blaine/ADL PM/BLADLPM75","BLADLPM75"
"2024-10-14T11:44:17","2024-10-14T11:44:47","data/mat_data/Blaine/ADL PM/BLADLPM77","BLADLPM77"
"2024-10-14T11:46:11","2024-10-14T11:46:53","data/mat_data/Blaine/ADL PM/BLADLPM78","BLADLPM78"
"2024-10-14T11:54:47","2024-10-14T11:55:40","data/mat_data/Blaine/ADL PM/BLADLPM79","BLADLPM79"
"2024-10-14T12:00:01","2024-10-14T12:01:09","data/mat_data/Blaine/ADL PM/BLADLPM81","BLADLPM81"
"2024-10-14T12:03:25","2024-10-14T12:03:42","data/mat_data/Blaine/ADL PM/BLADLPM82","BLADLPM82"
"2024-10-14T12:04:57","2024-10-14T12:05:16","data/mat_data/Blaine/ADL PM/BLADLPM83","BLADLPM83"
"2024-10-14T12:05:59","2024-10-14T12:06:16","data/mat_data/Blaine/ADL PM/BLADLPM84","BLADLPM84"
"2024-10-14T12:07:05","2024-10-14T12:07:19","data/mat_data/Blaine/ADL PM/BLADLPM85","BLADLPM85"
"2024-10-14T12:07:55","2024-10-14T12:08:09","data/mat_data/Blaine/ADL PM/BLADLPM86","BLADLPM86"
"2024-10-14T12:08:50","2024-10-14T12:09:00","data/mat_data/Blaine/ADL PM/BLADLPM87","BLADLPM87"
"2024-10-14T12:10:10","2024-10-14T12:10:26","data/mat_data/Blaine/ADL PM/BLADLPM88","BLADLPM88"
"2024-10-14T12:11:14","2024-10-14T12:11:28","data/mat_data/Blaine/ADL PM/BLADLPM89","BLADLPM89"
"2024-10-14T12:12:09","2024-10-14T12:12:27","data/mat_data/Blaine/ADL PM/BLADLPM90","BLADLPM90"
"2024-10-14T12:14:11","2024-10-14T12:14:33","data/mat_data/Blaine/ADL PM/BLADLPM91","BLADLPM91"
"2024-10-14T12:15:42","2024-10-14T12:15:54","data/mat_data/Blaine/ADL PM/BLADLPM92","BLADLPM92"
"2024-10-14T12:19:28","2024-10-14T12:20:15","data/mat_data/Marion/ADL/Dataset MB1 11_06 PMADL/69","69"
"2024-10-14T12:29:08","2024-10-14T12:29:29","data/mat_data/Marion/ADL/Dataset MB1 11_06 PMADL/70","70"
"2024-10-14T12:30:10","2024-10-14T12:30:28","data/mat_data/Marion/ADL/Dataset MB1 11_06 PMADL/71","71"
"2024-10-14T12:31:11","2024-10-14T12:31:36","data/mat_data/Marion/ADL/Dataset MB1 11_06 PMADL/72","72"
"2024-10-14T12:32:27","2024-10-14T12:32:53","data/mat_data/Marion/ADL/Dataset MB1 11_06 PMADL/73","73"
"2024-10-14T12:33:45","2024-10-14T12:34:27","data/mat_data/Marion/ADL/Dataset MB1 11_06 PMADL/74","74"
"2024-10-14T12:35:15","2024-10-14T12:35:48","data/mat_data/Marion/ADL/Dataset MB1 11_06 PMADL/75","75"
"2024-10-14T12:36:59","2024-10-14T12:37:28","data/mat_data/Marion/ADL/Dataset MB1 11_06 PMADL/77","77"
"2024-10-14T12:38:45","2024-10-14T12:39:22","data/mat_data/Marion/ADL/Dataset MB1 11_06 PMADL/78","78"
"2024-10-14T12:43:00","2024-10-14T12:43:46","data/mat_data/Marion/ADL/Dataset MB1 11_06 PMADL/79","79"
"2024-10-14T12:45:41","2024-10-14T12:46:32","data/mat_data/Marion/ADL/Dataset MB1 11_06 PMADL/81","81"
