7979,7990,8027,7988,8003,8000,7982,7975,7997,7995,8002,7977,8008,7987,7986,7996,8026,7981,8003,8005,8028,8013,8011,8020,7998,8013,8001,8058,8016,8026,8021,8028,8037,8028,8036,8029,8034,8048,8039,8029,8043,8025,8011,8029,8013,8056,8024,8034,7998,8034,8020,8034,8019,8025,8039,8018,8038,8018,8041,8015,8016,8025,8039,8019,8002,8022,8020,8022,8032,8015,8031,7999,8012,8025,8022,8041,8010,8021,8008,8012,
7972,7987,7994,8017,8007,8002,8006,8011,7992,8019,8000,7995,8022,7994,8000,7998,8004,7993,8000,7990,8038,8024,8022,8024,8005,8013,8011,8030,8020,8033,8027,8030,8025,8036,8029,8019,8023,8041,8032,8030,8047,8044,8017,8023,8026,8053,8026,8032,8024,8031,8023,8024,8024,8007,8039,8032,8032,8016,8055,8009,8026,8035,8032,8015,8012,8025,8022,8050,8019,8006,8041,8018,8004,8017,8029,8028,8024,8043,8002,8047,
7972,7983,8003,7997,8017,8017,8008,8003,7995,7987,7997,7982,8008,7988,7995,8002,8018,7991,7988,7987,8037,8025,8019,8011,7996,8029,8021,8027,8025,8029,8010,8040,8037,8023,8034,8034,8041,8035,8041,8042,8038,8044,8024,8044,8027,8057,8027,8028,8036,8046,8027,8039,8019,8017,8032,8020,8033,8017,8044,8017,8020,8028,8028,8022,8011,8032,8017,8030,8021,8018,8019,8002,8020,8029,8022,8045,8048,8013,8001,8034,
7986,7998,8006,8025,7981,7985,8005,8004,7995,8011,8010,8014,8020,8014,8014,7998,8011,7990,8002,8011,8027,8024,8021,8009,8009,8035,8007,8038,8022,8001,8021,8033,8058,8035,8043,8030,8035,8048,8055,8029,8056,8047,8024,8037,8028,8056,8041,8042,8019,8025,8019,8024,8024,8029,8038,8020,8056,8021,8031,8024,8026,8037,8033,8009,8008,8023,8020,8020,8027,8032,8036,8028,8054,8026,8052,8058,8058,8041,7993,8029,
7975,7975,7993,7998,8015,8010,8005,7991,7999,8008,8016,8003,8018,8009,8003,8003,8013,7999,8018,8007,8019,8022,8022,8031,8021,8023,8017,8045,8019,8038,8016,8047,8028,8038,8041,8040,8042,8057,8056,8057,8054,8071,8022,8041,8027,8060,8051,8038,8042,8047,8032,8038,8019,8028,8033,8044,8048,8014,8040,8011,8023,8044,8035,8024,8027,8023,8020,8026,8025,8024,8031,8022,8034,8068,8058,8073,8073,8017,8009,8011,
7982,7998,8005,8012,7994,7983,8016,7984,8008,8037,8025,8002,8037,8015,8015,8006,8028,8000,8022,8002,8040,8011,8027,8017,8001,8037,8022,8043,8021,8041,8042,8040,8058,8048,8051,8050,8048,8053,8065,8068,8050,8077,8055,8055,8049,8077,8060,8034,8031,8039,8038,8038,8029,8029,8027,8047,8036,8031,8041,8007,8023,8046,8030,8025,8015,8037,8044,8037,8042,8039,8044,8035,8040,8090,8084,8104,8063,8062,8021,8052,
7968,7994,8007,8003,8007,8016,8014,7998,8013,8012,8018,8011,8044,8015,8010,8009,8030,8003,8012,8021,8041,8029,8030,8025,8016,8034,8035,8052,8034,8032,8027,8051,8055,8054,8050,8049,8056,8079,8086,8077,8095,8104,8070,8058,8062,8062,8050,8035,8032,8035,8041,8045,8029,8034,8041,8044,8042,8023,8036,8025,8031,8041,8029,8030,8027,8041,8028,8033,8026,8041,8043,8050,8068,8108,8082,8094,8072,8049,8039,8030,
7978,7975,7973,7996,8003,7994,8009,8001,7998,8017,8004,8012,8014,8018,8002,8007,8003,7980,8001,8010,8035,8032,8034,8026,8013,8032,8017,8054,8026,8035,8047,8036,8046,8050,8053,8061,8062,8120,8150,8138,8165,8136,8138,8126,8091,8079,8060,8035,8043,8058,8040,8035,8031,8039,8046,8037,8042,8026,8047,8022,8014,8038,8053,8027,8019,8026,8042,8048,8049,8046,8076,8041,8066,8104,8084,8086,8067,8081,8046,8040,
8002,7992,7990,7990,8006,7981,7998,8008,7986,8020,8008,8018,8023,8020,8006,8008,8011,8004,8017,8005,8040,8009,8022,8022,7995,8047,8029,8044,8034,8052,8053,8044,8058,8071,8073,8072,8141,8163,8165,8169,8186,8175,8152,8145,8110,8113,8071,8055,8049,8057,8049,8024,8028,8040,8025,8048,8052,8013,8043,8029,8044,8033,8037,8023,8024,8024,8033,8026,8073,8074,8086,8079,8085,8067,8102,8073,8098,8081,8044,8049,
8001,7988,8009,7984,7988,7992,7995,8006,7998,8019,8002,8013,8012,8029,8008,8007,8028,8012,8021,8026,8037,8021,8016,8021,8012,8048,8025,8052,8044,8054,8044,8056,8072,8069,8069,8116,8161,8183,8210,8190,8188,8208,8190,8174,8155,8126,8093,8047,8055,8060,8024,8040,8042,8050,8047,8051,8072,8020,8034,8027,8031,8061,8047,8037,8022,8035,8059,8062,8084,8089,8102,8088,8083,8089,8078,8070,8080,8064,8063,8011,
7994,8005,7989,8002,7973,7992,8005,7988,8012,8012,8019,8013,8020,8021,8010,8007,8032,8016,8035,8004,8037,8033,8027,8014,8013,8042,8043,8056,8043,8047,8046,8048,8056,8079,8083,8126,8175,8191,8196,8199,8208,8209,8190,8187,8164,8162,8094,8066,8050,8061,8034,8056,8045,8043,8030,8052,8048,8018,8044,8031,8039,8045,8040,8028,8020,8055,8038,8094,8110,8104,8117,8111,8103,8101,8092,8053,8069,8045,8009,8015,
8007,8001,8004,8002,7991,7984,8002,7997,7999,8022,8004,7999,8030,8012,8015,8013,8007,8021,8030,8026,8042,8034,8022,8027,8033,8037,8048,8052,8059,8044,8051,8059,8082,8074,8107,8157,8187,8210,8220,8210,8232,8229,8206,8196,8181,8178,8116,8069,8058,8065,8055,8064,8040,8043,8039,8057,8067,8038,8043,8029,8057,8058,8057,8039,8036,8069,8076,8089,8102,8107,8133,8123,8115,8109,8077,8064,8062,8053,8013,8034,
7996,8001,8001,8009,8008,8009,8037,8000,8000,8009,8009,8010,8037,8022,8014,8011,8034,8012,8035,8019,8044,8040,8037,8042,8038,8052,8039,8067,8056,8052,8061,8060,8087,8099,8124,8164,8189,8220,8224,8223,8256,8235,8217,8211,8198,8194,8139,8090,8068,8073,8042,8057,8047,8039,8051,8045,8053,8038,8063,8046,8037,8071,8050,8031,8019,8030,8087,8104,8108,8133,8124,8118,8108,8110,8080,8059,8050,8031,8007,8015,
8005,8007,8015,8028,8006,8008,8012,7995,7997,8012,8004,8006,8017,8006,8006,8023,8036,8025,8038,8043,8060,8053,8051,8061,8048,8070,8052,8066,8064,8061,8064,8074,8101,8110,8158,8190,8206,8224,8215,8227,8247,8254,8226,8221,8215,8207,8159,8094,8060,8063,8071,8049,8039,8054,8045,8052,8049,8029,8049,8031,8050,8052,8065,8043,8024,8055,8070,8104,8110,8096,8112,8089,8095,8096,8082,8056,8050,8023,8025,8023,
8007,8013,8004,8032,8016,8022,8014,8004,7996,8010,8022,8020,8021,8007,8012,8021,8038,8023,8039,8042,8067,8079,8072,8080,8087,8093,8109,8100,8076,8079,8067,8096,8112,8130,8184,8206,8232,8252,8256,8228,8243,8253,8225,8224,8214,8216,8197,8104,8075,8070,8051,8056,8040,8047,8053,8051,8047,8024,8061,8029,8048,8031,8051,8020,8039,8035,8058,8064,8096,8113,8100,8093,8105,8102,8086,8045,8031,8038,8022,8007,
8003,7997,8029,8013,8026,8011,8021,8008,8019,8022,8002,8006,8019,8030,8017,8021,8039,8008,8050,8055,8097,8080,8103,8111,8110,8113,8107,8135,8118,8110,8095,8091,8112,8144,8198,8243,8256,8271,8271,8256,8239,8245,8236,8247,8223,8221,8190,8137,8074,8074,8058,8056,8042,8037,8045,8039,8062,8040,8055,8038,8046,8064,8049,8045,8030,8042,8047,8049,8065,8064,8083,8108,8090,8106,8077,8044,8036,8017,8019,8003,
8004,8025,8023,8007,8016,8007,8023,8020,8017,8023,8026,8027,8050,8018,8030,8013,8052,8022,8054,8083,8122,8145,8137,8142,8132,8129,8099,8132,8119,8137,8145,8156,8184,8219,8261,8253,8254,8279,8276,8266,8244,8231,8241,8242,8227,8219,8198,8126,8076,8076,8072,8062,8069,8071,8060,8056,8058,8027,8047,8050,8038,8058,8067,8055,8046,8039,8061,8050,8058,8063,8075,8083,8086,8094,8077,8028,8020,8041,8022,8011,
8002,8013,8029,8021,8014,8027,8016,8008,8007,8010,8036,8028,8028,8004,8034,8007,8028,8032,8065,8100,8135,8126,8146,8131,8133,8166,8136,8140,8127,8138,8138,8149,8191,8218,8263,8250,8262,8269,8262,8260,8255,8233,8228,8233,8205,8217,8198,8151,8094,8105,8065,8075,8068,8058,8054,8052,8087,8056,8047,8050,8039,8051,8056,8072,8050,8041,8046,8049,8053,8052,8062,8078,8082,8092,8052,8039,8044,8027,8025,8006,
8005,8020,8029,8013,8018,8029,8030,8016,7999,8012,8028,8014,8026,8010,8024,8021,8050,8055,8075,8099,8154,8129,8146,8119,8130,8155,8143,8140,8142,8143,8155,8176,8203,8241,8272,8275,8262,8277,8259,8263,8236,8247,8223,8235,8228,8224,8202,8156,8112,8079,8075,8065,8058,8048,8067,8061,8059,8013,8051,8033,8051,8063,8089,8050,8060,8051,8050,8051,8051,8054,8049,8038,8076,8069,8043,8027,8036,8016,7999,8008,
7987,8011,8026,8005,8021,8017,8016,8020,8012,8028,8031,8017,8040,8034,8037,8042,8047,8046,8079,8097,8153,8137,8144,8120,8141,8165,8181,8171,8136,8146,8143,8181,8216,8244,8270,8260,8265,8266,8268,8262,8247,8232,8219,8233,8221,8209,8203,8156,8112,8092,8085,8082,8065,8090,8061,8069,8067,8048,8062,8047,8056,8073,8069,8057,8052,8035,8049,8047,8051,8043,8039,8048,8036,8040,8050,8032,8049,8035,8018,8006,
8012,8016,8023,8023,8003,8026,8020,8015,8018,8033,8010,8024,8040,8034,8029,8033,8053,8050,8093,8087,8141,8156,8176,8137,8140,8174,8163,8163,8154,8164,8167,8180,8202,8238,8267,8272,8258,8286,8269,8263,8246,8251,8221,8238,8232,8228,8202,8148,8114,8093,8070,8072,8081,8068,8070,8069,8070,8040,8065,8044,8040,8056,8061,8043,8048,8057,8058,8059,8047,8049,8029,8023,8034,8022,8041,8014,8011,8021,8005,8006,
8008,8004,8015,8034,8015,8021,8023,8015,8007,8017,8010,8040,8040,8024,8037,8033,8047,8058,8096,8113,8157,8169,8200,8160,8157,8175,8161,8178,8148,8165,8171,8197,8220,8250,8267,8267,8262,8277,8277,8272,8255,8239,8223,8244,8234,8211,8202,8181,8122,8092,8086,8086,8065,8069,8062,8065,8070,8047,8056,8034,8040,8060,8050,8047,8046,8051,8068,8074,8043,8050,8037,8022,8045,8034,8041,8022,8044,8016,8002,8011,
8014,8029,8040,8037,8020,8020,8026,8013,8010,8010,8021,8024,8041,8036,8025,8041,8040,8055,8103,8110,8145,8146,8181,8148,8124,8144,8140,8156,8147,8144,8166,8186,8214,8243,8271,8261,8266,8267,8282,8267,8245,8248,8253,8244,8236,8242,8199,8177,8133,8099,8084,8072,8068,8083,8061,8062,8066,8035,8056,8043,8053,8062,8059,8033,8046,8075,8065,8049,8035,8025,8047,8011,8018,8028,8027,8030,8024,8027,8031,8022,
8006,8029,8036,8024,8021,8017,8029,8026,8016,8023,8022,8013,8040,8014,8042,8026,8047,8047,8093,8104,8137,8127,8145,8134,8130,8149,8125,8150,8137,8140,8134,8158,8157,8184,8214,8244,8248,8264,8270,8268,8246,8252,8256,8247,8229,8241,8209,8161,8131,8097,8076,8081,8070,8080,8070,8072,8077,8044,8063,8043,8048,8056,8064,8036,8036,8050,8054,8050,8034,8039,8034,8034,8022,8016,8024,8013,8025,8023,8003,8012,
8026,8013,8031,8034,8019,8035,8031,8022,8017,8019,8029,8020,8024,8040,8029,8032,8054,8031,8078,8091,8133,8123,8126,8135,8128,8138,8125,8148,8120,8128,8101,8114,8111,8159,8204,8217,8251,8266,8268,8242,8246,8255,8229,8249,8222,8223,8206,8154,8108,8103,8088,8074,8070,8057,8065,8063,8075,8030,8057,8046,8051,8056,8054,8039,8044,8050,8041,8042,8040,8039,8029,8021,8023,8029,8032,8025,8026,8035,8002,7993,
8036,8038,8016,8050,8040,8034,8037,8029,8022,8028,8038,8013,8047,8027,8049,8036,8058,8038,8056,8056,8103,8097,8118,8108,8104,8123,8110,8136,8111,8091,8083,8095,8099,8131,8177,8204,8220,8241,8228,8233,8257,8264,8239,8240,8222,8213,8181,8141,8103,8099,8074,8061,8058,8044,8053,8075,8073,8040,8060,8041,8029,8049,8056,8036,8038,8035,8045,8040,8031,8036,8022,8029,8026,8023,8009,8042,8012,8031,8023,8007,
8022,8023,8035,8048,8046,8035,8047,8037,8039,8020,8022,8018,8038,8028,8033,8029,8046,8030,8026,8037,8084,8070,8093,8080,8055,8084,8066,8086,8078,8089,8066,8086,8106,8138,8172,8190,8202,8219,8228,8242,8249,8244,8233,8221,8213,8206,8183,8105,8089,8073,8078,8072,8059,8057,8052,8061,8064,8035,8067,8023,8048,8053,8052,8017,8027,8057,8037,8035,8039,8051,8024,8026,8009,8030,8023,8037,8014,8023,8014,8007,
8023,8027,8038,8053,8037,8042,8056,8036,8041,8015,8026,8011,8032,8041,8044,8019,8060,8008,8025,8036,8067,8050,8061,8051,8026,8077,8040,8071,8061,8087,8064,8073,8099,8114,8165,8187,8194,8206,8216,8241,8246,8235,8194,8217,8196,8195,8141,8088,8080,8096,8062,8074,8048,8047,8054,8056,8061,8054,8050,8031,8040,8054,8044,8012,8026,8030,8021,8038,8043,8035,8005,8038,8030,8028,8030,8028,8013,8025,8022,8008,
8035,8031,8029,8054,8039,8024,8037,8035,8030,8007,8024,8015,8044,8024,8025,8025,8039,8017,8040,8035,8052,8044,8051,8038,8026,8058,8045,8068,8053,8081,8061,8080,8090,8094,8134,8163,8186,8208,8211,8220,8228,8223,8205,8209,8185,8174,8121,8086,8050,8081,8052,8055,8060,8052,8059,8068,8061,8037,8045,8045,8044,8049,8043,8030,8020,8025,8041,8025,8049,8037,8033,8013,8026,8052,8031,8027,8020,8027,8014,8025,
8024,8036,8043,8045,8044,8058,8033,8041,8023,8025,8034,8028,8037,8028,8036,8027,8037,8015,8028,8040,8050,8037,8045,8032,8025,8035,8041,8061,8056,8063,8061,8073,8072,8086,8129,8168,8194,8212,8216,8204,8211,8207,8191,8191,8180,8154,8105,8073,8056,8074,8054,8051,8048,8052,8056,8052,8061,8038,8051,8023,8029,8047,8038,8016,8030,8023,8020,8041,8034,8042,8034,8009,8027,8026,8032,8024,8010,8039,7991,8016,
8016,8024,8044,8035,8021,8029,8010,8013,8014,8012,8028,8014,8044,8035,8025,8013,8038,8001,8027,8028,8051,8028,8033,8026,8039,8050,8046,8060,8055,8057,8057,8064,8083,8075,8112,8136,8158,8193,8206,8203,8193,8200,8179,8172,8147,8119,8098,8070,8058,8060,8053,8051,8052,8033,8064,8058,8059,8028,8069,8029,8042,8060,8040,8037,8028,8031,8029,8037,8042,8040,8013,8018,8020,8023,8008,8027,8012,8031,7991,8013,
8027,8018,8033,8044,8032,8036,8037,8030,8018,8032,8034,8002,8042,8031,8017,8013,8035,8016,8017,8021,8045,8035,8047,8018,8019,8040,8034,8059,8047,8056,8053,8047,8081,8077,8083,8119,8155,8180,8179,8171,8198,8187,8159,8148,8120,8094,8079,8054,8052,8063,8060,8048,8040,8047,8063,8054,8051,8029,8043,8023,8030,8036,8038,8021,8017,8029,8023,8024,8021,8035,8013,8012,7995,8036,8007,8037,8010,8005,7994,7992,
8014,8005,8026,8012,8019,8031,8028,8031,8013,8021,8017,8029,8016,8016,8026,8020,8022,8013,8023,8022,8036,8025,8034,8020,8029,8043,8027,8056,8050,8045,8051,8040,8066,8065,8087,8086,8121,8172,8187,8149,8161,8155,8133,8125,8083,8070,8076,8048,8043,8048,8046,8038,8045,8051,8049,8051,8057,8025,8031,8038,8012,8032,8046,8012,8009,8025,8018,8019,8036,8018,8018,8020,8015,8028,8003,8015,8005,7994,7994,7993,
8013,8015,8037,8025,8036,8033,8027,8020,8020,8019,8017,8008,8032,8021,8017,8007,8021,8006,8007,8021,8032,8033,8028,8023,8004,8039,8034,8061,8039,8055,8040,8041,8053,8040,8056,8061,8071,8115,8141,8145,8162,8143,8118,8099,8060,8077,8065,8054,8045,8055,8041,8049,8036,8044,8037,8034,8048,8013,8042,8018,8017,8030,8044,8007,8030,8029,8012,8023,8017,8024,8013,8019,8021,8024,8026,8017,8004,8007,7984,8006,
8012,8004,8024,8020,8011,8045,8028,8021,8006,8025,8008,8015,8028,8031,8008,8013,8045,8011,8019,8009,8040,8042,8027,8016,8016,8041,8027,8054,8040,8033,8036,8031,8041,8049,8055,8039,8046,8079,8088,8096,8119,8123,8075,8065,8059,8071,8046,8053,8036,8036,8046,8043,8032,8037,8028,8046,8049,8036,8036,8021,8037,8045,8028,8012,8019,8032,8028,8033,8036,8022,8008,8011,8002,8015,8015,8009,7996,8009,7985,8000,
8011,8016,8034,8022,8017,8021,8023,8030,8007,8024,8028,8020,8036,8010,8016,8014,8019,8026,8018,8016,8025,8027,8033,8020,8019,8047,8022,8057,8036,8034,8037,8038,8047,8030,8061,8048,8051,8065,8074,8050,8065,8092,8051,8046,8047,8053,8051,8036,8038,8048,8020,8028,8028,8047,8054,8031,8040,8015,8036,8021,8025,8041,8033,8015,8010,8015,8008,8024,8015,8028,8020,8015,8025,8011,8027,8032,8002,8003,8001,7992,
8011,8008,8024,8007,8021,8046,8027,8013,8020,8008,8023,8012,8023,8016,8001,8007,8010,8005,7999,8012,8025,8029,8035,8003,8009,8038,8037,8040,8026,8038,8028,8044,8038,8041,8046,8044,8053,8046,8064,8051,8056,8069,8035,8045,8031,8044,8064,8015,8011,8048,8037,8044,8031,8036,8044,8031,8040,8022,8032,8002,8019,8033,8043,8006,8021,8015,8017,8022,8018,8027,8011,7999,8021,8017,8009,8018,8006,8020,7989,8002,
8018,8020,8034,8026,8025,8027,8018,8020,8013,8023,8022,8019,8016,8030,8005,8011,8025,7999,8007,8021,8015,8022,8020,8024,8010,8037,8026,8044,8022,8036,8035,8035,8038,8035,8045,8034,8037,8046,8065,8044,8046,8055,8022,8035,8031,8055,8052,8027,8023,8045,8038,8053,8018,8032,8041,8040,8040,8014,8029,8009,8029,8029,8030,8001,8026,8019,8012,8020,8021,8017,8011,8018,8013,8003,8020,8021,8011,8034,8004,7997,
7991,8012,8036,8014,8004,8037,8028,8017,8006,8019,8023,8009,8012,8019,8017,8012,8016,8009,8015,8014,8036,8010,8023,8016,8006,8026,8018,8044,8015,8021,8030,8019,8033,8042,8044,8038,8042,8055,8033,8043,8037,8047,8023,8033,8027,8058,8040,8032,8034,8041,8024,8050,8030,8037,8026,8039,8051,7991,8038,8028,8014,8025,8046,8030,8003,8008,8025,8044,8027,8028,8014,8010,8015,8025,8034,8035,8003,8001,7999,8006,
8023,7985,8016,8011,8026,8023,8026,8028,7995,8026,8014,8006,8028,8006,8001,8015,8020,7995,7995,7994,8025,8024,8024,8002,7992,8029,8012,8040,8017,8014,8011,8035,8019,8019,8041,8028,8027,8040,8029,8036,8027,8036,8021,8021,8028,8040,8030,8024,8032,8037,8011,8030,8003,8023,8000,8040,8023,8000,8024,8007,8017,8037,8050,8002,8015,8007,8016,8024,8023,8023,7996,7994,8004,8008,8011,8006,8013,8008,7996,8016,
8006,8004,8019,8036,7997,8018,8012,8006,8002,8008,8011,8007,8023,8021,8009,8005,8019,8000,8007,8011,8028,8017,8022,8008,7994,8033,8005,8033,8011,8027,8030,8014,8020,8006,8035,8021,8026,8012,8035,8027,8043,8033,8012,8022,8017,8032,8040,8004,8023,8015,8025,8022,8014,8031,8035,8023,8031,8003,8012,8013,8022,8021,8027,7997,8016,8010,8011,8000,8016,8029,8019,7997,8004,8010,8014,8016,7998,8004,7997,8012,
8004,8012,8024,8012,8011,8018,8030,8007,8004,8012,8012,8003,8015,8008,8010,7998,8019,8019,8013,8011,8033,8018,8025,8001,7990,8027,8017,8034,8021,8019,8026,8019,8034,8014,8042,8022,8010,8019,8023,8025,8033,8029,8017,8035,8020,8037,8011,8007,8021,8023,8006,8022,8009,8024,8026,8039,8028,8000,8026,8008,8012,8030,8022,7997,8003,8015,8017,8011,8019,8012,8016,7992,8015,8001,7998,7997,8000,8019,7990,7981,
8019,8012,8035,8014,8008,8014,8030,8026,7988,8018,8027,8017,8025,8009,7995,8016,8013,8021,8009,8005,8040,8014,8025,8002,7991,8035,8006,8035,8006,8022,8022,8013,8027,8004,8037,8023,8033,8032,8024,8028,8027,8038,8008,8029,7998,8032,8015,8002,8010,8030,8010,8036,8008,8005,8023,8031,8038,8011,8029,8018,8015,8012,8024,8002,7998,8018,8026,8014,8024,8020,8027,8021,8009,8003,8005,8007,8013,8006,8002,8007,
8007,8016,8024,8015,8009,8014,8036,8003,7985,8010,8021,8011,8025,8015,8006,7989,8008,7997,8011,8004,8039,8003,8020,8002,8002,8020,8006,8023,8012,8018,8021,8013,8015,8026,8029,8022,8025,8018,8022,8012,8026,8024,8019,8023,8016,8037,8019,7998,8006,8036,8015,8023,8006,8020,8036,8027,8021,8011,8021,7997,8011,8020,8031,8006,8008,8014,8005,8019,8019,8023,8008,7992,8001,8025,7991,8011,7999,7983,7980,7975,
7991,7991,8032,7998,8004,8030,8020,7994,8002,8024,8025,8007,8009,8026,8004,8006,8021,7994,7997,8012,8026,8002,8007,8007,8010,8018,8013,8034,8005,8007,8013,8011,8018,8024,8010,8018,8016,8018,8024,8023,8024,8010,8000,8024,8003,8027,8008,7999,8001,8005,8033,8029,7998,8000,8021,8007,8035,8000,8015,7976,8008,8012,8034,8007,7992,8020,8028,8018,8029,8016,8002,8005,8002,8006,7989,8011,8014,7988,7982,7978,
8000,8013,8018,8012,8009,8012,8030,8014,7998,8018,8003,8008,8016,8011,8007,8007,8028,8001,8005,8004,8029,8003,8015,8005,7992,8013,8014,8021,8003,8021,8005,8013,8025,7997,8025,8007,8008,8027,8012,8021,8037,8024,8013,8020,8003,8036,8010,8012,8010,8014,8019,8009,8016,8023,8024,8032,8035,8007,8021,8013,8013,8007,8019,8005,8011,8017,8012,8007,8035,8012,8025,7997,7999,8024,7994,8017,7988,7995,8001,7989,
7997,7995,8026,8030,8006,8035,8021,8001,7997,8008,8020,8017,8025,8025,8003,8024,8016,7996,8024,8008,8021,8000,8020,8008,8008,8019,8008,8020,8023,8023,8008,8019,8018,8022,8003,8029,8024,8024,8025,8016,8021,8020,8027,8011,8015,8035,8020,7997,8005,8021,8008,8013,8019,8011,8015,8027,8029,7990,8030,7996,8014,8016,8022,8008,8002,8009,8011,8010,8005,8016,8011,8011,7995,8005,8002,7992,8009,7996,7991,7985,
8014,7998,8020,8008,8010,8023,8024,8012,7992,8010,8015,8000,8025,8006,7999,8009,8007,7990,7998,8005,8031,8015,8011,7996,7986,8023,8019,8009,8009,8014,8020,8013,8012,8007,8005,8029,8014,8008,8013,8005,8014,8029,8013,8017,8002,8034,8006,7987,8003,8015,8013,8019,8009,8012,8018,8026,8027,8011,8019,7997,8019,8023,8039,8018,8007,8011,8019,8010,8018,8013,8004,7990,8006,8014,8000,7997,7993,8011,7980,7998,
8001,8003,8017,8026,8018,8019,8016,8012,8005,8007,8018,7993,8018,8015,8000,8007,8011,8020,8004,8010,8031,8001,8016,8016,8002,8012,8011,8021,8005,8001,8010,7997,8015,7999,8024,8004,7998,7998,8018,8001,8007,8018,8013,8012,7999,8034,8007,7999,8015,8016,8013,8018,8005,8020,8013,8009,8022,8004,8029,8005,7998,8011,8015,8008,8008,8002,7996,7996,8024,8010,8013,8021,8000,8010,8001,8006,7985,7996,7972,7989,
7981,8014,8014,8018,8014,8022,8017,8018,8026,8009,8021,8026,8006,8024,8005,8004,8002,7976,8004,8012,8036,7993,8005,7998,7974,8014,8002,8009,8011,7996,8000,8010,8017,7998,8012,8006,7998,8010,8013,8001,8028,8016,7996,8008,8018,8023,8020,8007,8018,8023,8008,8011,8010,8016,8018,8015,8022,8008,8013,7998,8016,8018,8012,8005,8004,8014,7998,7996,8010,8021,8001,8005,7997,8023,8001,8003,7994,7982,7964,7988,
8003,7996,8025,8016,8001,8021,8022,8006,8001,8016,8027,8013,8023,8007,7998,8002,8015,8000,8001,8010,8023,8006,8009,8001,7997,8011,7984,8023,8009,8004,8007,8021,8024,8010,8018,8005,8008,8000,8015,8017,8006,8014,8001,8004,8016,8024,8017,8006,7998,8014,8011,8010,8007,8013,8001,8020,8044,7999,8021,7992,8013,8011,8024,8002,7996,8013,8007,8017,8009,8021,8012,8003,8002,8003,8002,7999,7999,7995,7961,7977,
7993,8008,8006,7993,7998,8008,8013,8000,7996,8009,7999,8013,7999,8020,8008,8020,8008,8010,8007,7999,8029,8006,8012,8009,7985,8008,8002,8013,8009,8002,8008,8005,8022,8007,8016,8005,8012,8007,8020,7998,8024,8014,8015,8006,7996,8038,8006,8001,7998,8006,8010,8002,8029,8017,8008,8009,8016,7985,8025,8008,8005,8019,7998,7994,8001,8005,8007,8015,8005,8028,8006,7995,7980,8019,7997,7993,8002,7979,7972,7965,
7986,8001,8000,8016,8016,8017,8014,8000,8017,8009,8013,8003,8015,7995,8013,8011,8018,8000,8015,7993,8022,8018,8012,7986,7981,8011,8003,8012,8004,7996,7998,7995,8029,8007,8008,8005,8002,8007,8016,8015,8011,8023,8000,8003,7994,8037,8022,7984,7998,8014,8019,8002,8010,8018,8022,8014,8033,7999,8025,8002,8020,8010,8008,7993,8013,8000,7996,8004,7999,8011,7980,7977,7992,7988,7991,7994,7981,7995,7987,7974,
8000,7994,8004,7995,7994,8019,8006,8000,8000,8017,8005,7994,8036,8016,7989,8010,8011,7999,8005,7998,8015,8020,8006,8014,8001,8020,8000,8028,8008,7999,8011,8021,8022,8013,8029,8001,8010,8008,8024,7998,8025,8002,7986,8002,8023,8034,8014,8000,8007,8016,8024,8005,8013,8020,8025,8032,8010,8010,8015,8000,8011,8008,7999,8005,8002,8010,7998,8013,8003,8019,7997,7984,7999,8006,8011,8001,8001,7986,7981,7977,
7973,7997,8010,8014,8009,8013,8022,8008,8002,8018,8007,8012,8023,8022,8011,8007,8011,7991,8003,7999,8005,8001,8020,8000,7994,8017,7995,8011,8011,7998,8002,8023,8020,8014,8013,8010,8008,8000,8012,8021,8017,8010,7999,8021,8019,8023,8000,8002,7993,8018,8023,8010,8008,8024,8012,8019,8012,8004,8017,7996,8015,8028,8016,7999,8006,8001,8009,7987,8018,8001,8012,8003,7999,7988,8001,8006,8003,7998,7976,7969,
7986,8002,8003,8003,8001,8020,8016,8007,7999,8001,8012,7986,8016,7997,8006,7994,8005,7997,7997,8007,8018,8009,7987,7992,7998,8009,8006,7996,8011,8005,7985,7994,8011,8025,8027,7999,8005,8006,8007,8001,8013,8018,8010,8021,8013,8034,8008,8007,7998,8021,8001,8023,8003,8019,8018,8010,8026,8005,8029,7998,8018,8014,8027,7989,7994,7995,8013,8005,8001,8014,8004,8007,7991,8005,7994,8014,7978,7999,7988,7968,
7961,8002,8014,8001,8007,8012,8018,8007,8016,8017,8003,8015,8019,8022,8013,8001,8018,7989,8013,7996,8022,7986,8006,8002,7994,8001,7987,8026,8004,8007,8006,8030,8026,8013,8009,8002,8003,8017,8015,8002,8020,8010,8008,8007,8013,8029,8001,7999,8015,8018,8018,8010,8006,7997,8010,8011,8026,8011,8002,7988,8007,8007,8015,8004,7979,7996,8008,8008,8005,8019,7991,7991,7998,8008,8017,8003,7977,7993,7968,7975,
7980,7999,8006,8008,7996,8007,8017,8008,7996,8017,8012,8019,8022,7994,7997,7996,8002,7986,8012,8017,8021,8014,8014,8009,7983,8022,8014,8024,8004,8009,8007,8008,8027,8008,8011,7986,8006,8007,8002,8008,8029,8028,8011,8007,8012,8030,8010,8007,8002,8011,8009,8014,7997,8019,8014,8023,8041,8006,8024,8008,8008,8006,8020,8015,7999,8010,8016,8016,8014,8004,8003,8000,7992,8000,7988,8007,7975,7969,7961,7966,
7960,7981,7999,7987,7990,8001,8018,7999,8007,8008,7998,7999,8019,8000,8010,7999,8004,7989,7998,8008,8031,8001,8011,8017,7987,8015,8015,8009,8004,8016,8012,8020,8004,8018,8009,7995,8010,8011,8015,8015,8016,8022,8009,8007,8012,8034,8014,7999,7999,8010,8021,8021,8013,8024,8017,8002,8033,8002,8027,7983,8024,8021,8030,8001,8002,8005,8010,8010,8010,8003,7994,7984,7972,8001,7990,7992,7988,7984,7957,7954,
7955,7964,7981,8018,7994,8006,8018,7993,8011,8016,7999,8018,8020,7999,7996,7995,7996,7983,7997,7991,8025,8014,8001,8006,7985,8006,7984,8023,8000,8007,8000,8016,8023,8010,8021,7989,8006,8005,8007,8025,8029,8018,7989,8009,8007,8029,8008,8010,8007,8013,8013,8013,8016,8008,8010,8017,8022,7998,8015,7991,8005,8010,8035,7998,8006,8012,7999,8014,8015,8006,7989,7990,7956,7998,7987,7995,7977,7963,7938,7960,
29.38,25.51,False,1,0,14,22,17,37